t-SNE Dimension 1,t-SNE Dimension 2
-29.79987,67.8196
-19.273756,79.26633
-13.603962,92.84139
-15.030568,86.61962
-17.02062,92.96268
-14.84355,87.63482
-19.335085,96.184975
-17.604347,83.7765
-18.586761,79.19471
-2.039307,76.98998
-25.256031,88.30777
-18.305977,84.597244
-20.256773,96.71855
-24.974438,55.750893
-27.47491,67.38823
0.45497772,78.196915
-26.500828,98.5788
-30.223871,68.08205
-12.057877,76.35368
-26.279085,96.60152
-23.861225,61.755993
-12.391186,77.7537
-2.4935832,76.009834
-12.745223,77.793015
-17.796007,78.26594
-14.283905,92.71271
-27.244469,89.06734
-25.259272,87.734
1.2200468,78.72554
-21.49122,63.544765
-19.43423,96.24105
-30.29195,67.902214
-12.167302,76.34179
-26.70126,89.560196
-18.754555,79.62696
-25.63675,65.91994
-27.144426,89.62782
-26.931158,96.87803
-22.247389,97.66927
-14.894096,91.476006
-14.624468,89.01344
-2.2113416,71.37913
-20.725626,64.27027
-25.43848,96.35313
-24.681305,88.43333
-31.21849,60.366177
-15.804317,66.73008
-12.203826,77.77461
-11.731545,74.3359
-19.360287,84.3058
-1.4624635,71.81698
-3.0510788,75.47064
-25.564447,65.83575
-1.3380315,78.03181
-27.34619,93.86737
-24.839828,97.683556
-2.7414422,76.72921
-26.880117,98.76256
-14.650271,66.04384
-27.23639,90.40754
-14.981853,87.08766
-19.59358,83.546585
-27.347683,90.86054
-11.508633,66.80857
-16.907055,92.979355
-32.8341,59.865288
-26.291048,66.55275
-19.529446,83.173645
-15.698931,92.27325
-26.08657,88.93048
-2.386965,71.27983
-15.373876,92.01755
-25.237028,96.47563
-14.912922,66.74784
-15.00354,93.681206
-27.066854,98.35168
-21.29911,97.25103
-13.071786,58.34689
-12.345834,67.29287
-12.588717,67.81699
-5.403009,53.07077
-14.511215,65.691
-0.41915393,77.61994
-12.083257,62.350338
-1.9806925,76.90004
-1.3746011,78.266335
-16.37638,85.19745
-23.52048,57.92021
-19.086239,79.872986
-18.263329,78.93268
-27.287846,94.07205
-17.169834,84.517075
-11.795194,75.0007
-15.463486,86.25655
-14.129421,92.233055
-24.48643,63.422836
-27.079998,94.65925
-21.67375,97.49104
-13.47671,57.594128
-11.707481,62.353554
-36.251137,-46.229534
-37.8707,-55.812176
-32.500305,-38.73111
-41.741776,-34.00119
-28.208815,-43.60523
-35.307877,-54.41183
-51.049057,-55.150658
-49.991333,-33.693375
-33.37111,-39.150314
-40.321983,-58.633953
-38.923767,-54.071804
-52.398396,-33.188274
-38.256454,-34.457893
-51.043377,-52.78441
-37.47538,-35.603428
-38.95697,-34.028736
-39.04609,-55.948013
-27.589014,-46.539623
-38.20903,-34.885487
-36.880604,-45.840595
-38.450535,-43.399666
-58.303932,-47.926537
-37.3156,-45.686275
-41.082966,-45.075905
-53.418537,-33.865395
-41.36439,-54.561333
-51.026062,-54.44526
-39.579258,-55.62448
-33.89262,-39.4675
-49.040188,-59.55817
-30.266201,-38.068794
-32.33323,-51.51289
-44.958958,-33.77863
-28.400887,-43.12724
-31.797796,-50.907627
-51.095272,-55.85868
-42.077007,-33.981487
-48.785316,-59.653225
-57.184143,-51.823536
-41.6423,-53.85339
-53.8489,-34.65831
-28.24102,-46.8641
-33.790977,-39.272842
-49.384247,-60.489548
-39.37861,-56.909416
-53.532356,-32.18562
-35.621407,-47.109562
-45.657784,-60.39795
-35.40043,-54.216953
-27.647491,-45.629585
-55.625378,-51.172974
-42.244633,-46.98321
-44.825367,-33.77719
-27.21754,-46.287907
-49.40473,-59.898582
-51.037605,-54.220543
-47.174137,-58.401478
-45.637993,-60.013992
-28.309105,-47.26403
-26.773123,-46.921646
-42.277214,-46.949192
-37.611103,-46.14831
-38.298286,-35.210552
-29.880426,-39.49468
-39.847607,-44.680267
-45.78064,-59.874016
-40.477814,-44.975338
-38.974262,-54.13348
-29.187376,-41.62096
-50.71615,-33.813423
-56.1682,-51.434273
-32.224895,-51.368088
-30.519932,-37.84007
-50.779697,-57.17417
-29.27691,-41.554787
-38.132915,-42.649757
-42.055977,-46.886227
-46.910572,-58.661404
-28.15477,-45.139885
-53.897465,-31.837257
-50.406727,-57.652634
-36.090305,-55.215576
-36.634357,-33.851547
-37.03427,-36.818554
-40.899227,-59.268154
-30.79205,-37.78382
-40.164936,-58.439617
-29.745045,-40.403973
-42.688602,-33.940353
-46.45026,-33.76568
-46.14782,-60.67143
-49.353153,-33.638367
-38.478664,-43.196003
-50.396824,-52.17539
-35.94975,-45.73012
-49.35557,-33.648148
-35.968243,-55.286892
-36.83544,-33.929256
-44.479668,-33.789032
-41.648525,-54.483135
50.877487,22.71121
44.622143,16.774515
53.120354,7.814304
46.218014,18.949955
49.785164,6.048551
47.60499,20.869574
60.011223,-8.2338
55.85678,-5.325525
56.570354,4.6846623
44.573334,17.490263
57.060688,-1.4919473
51.91827,2.5754542
61.811256,-5.5344443
47.26472,12.80919
46.40055,10.109375
42.52442,6.829435
63.36181,-4.0723505
49.6317,3.6491804
39.391045,6.1950803
47.952732,21.016357
40.05415,7.284693
47.01892,16.558855
49.16356,23.038378
55.9834,-5.226321
63.211292,-6.61161
46.303627,9.98678
49.307335,6.1358457
57.377575,-1.0112865
54.99002,-5.239658
51.119278,2.7433856
44.967205,18.110352
48.623844,-0.3989631
50.856686,14.9879265
38.222355,8.918703
49.1008,23.063484
50.462337,15.120303
61.064453,-1.3640122
57.79997,3.034833
49.41041,-1.8697664
61.7336,-4.4490514
55.94986,5.32879
61.07857,-1.291637
42.4088,3.3528454
59.959206,-8.042138
52.92263,12.570745
53.079185,12.722953
62.638344,-4.2336383
46.09903,19.205355
63.12117,-6.5158157
52.296593,-3.303133
49.048233,-1.4230876
48.78931,-0.15211245
46.874866,11.481191
39.360134,5.954482
48.891476,15.425951
60.456474,-5.5003138
49.511852,4.730178
51.95354,-3.5343103
59.972664,-8.129663
38.219536,8.930904
47.19192,12.493006
51.83949,-4.0333104
54.88586,-4.071405
48.288746,15.47924
54.504158,-3.5849867
48.67836,22.975029
57.088783,4.272403
44.62018,2.175476
58.2686,1.4514787
42.24099,5.1629963
44.50126,2.0318286
48.824524,6.1854725
44.957317,17.487888
42.846905,6.891054
60.63974,-1.0083324
40.085247,7.1743293
47.356724,20.724924
44.028954,17.803764
42.18518,5.9810157
45.092537,0.074645266
61.72953,-4.736275
44.874844,0.35976967
55.03768,7.2965174
58.493896,-7.441057
57.044514,4.1461554
50.32631,22.830975
42.09639,6.0547895
55.011665,7.2666492
60.69089,-4.976659
49.556736,15.355081
57.270718,-1.290583
51.49014,2.819179
42.54959,3.2226956
53.566597,13.32009
48.888996,7.0808883
64.10856,-5.3566084
52.516243,2.2527373
53.176105,7.811374
54.18033,13.360574
52.28572,-2.8239648
-2.436236,-2.0322318
21.537067,4.2710037
22.067955,9.392572
-4.4077697,4.099912
25.978403,-10.274269
-6.6083517,2.737978
27.451042,-10.120059
23.306578,1.1155694
-3.0586762,-0.95842534
-2.9482205,2.096124
-6.4049635,2.971747
26.874283,7.5098605
-8.567828,-0.2535363
-3.3011985,2.3892798
20.910862,-6.7548137
30.83357,-11.976462
19.515574,0.4251919
28.962715,-1.4514829
-2.980266,-3.1688352
21.286924,5.76524
31.815662,-9.369938
-6.6294065,2.282111
32.16527,-7.734611
14.671715,11.150866
21.036926,-7.895212
-8.376663,-0.9786596
22.2043,5.0227294
23.598703,0.60737354
24.463512,9.964542
21.141762,-7.209881
31.564514,-10.117762
23.555485,3.2651818
35.49091,-7.097542
18.438429,-1.6035221
-3.1481996,-4.655345
14.145006,10.469607
-2.7889695,1.5023143
15.08174,-2.0137947
25.69706,7.3069067
20.55961,-6.092556
20.731432,-7.690821
-4.015558,3.383844
15.875804,10.301265
22.479263,9.736649
22.105724,9.271761
19.006678,-0.3415339
17.325838,-5.8888173
31.394342,-10.441701
24.684673,9.994805
0.17648837,-1.8421633
17.639132,-1.5294298
16.65397,-4.8422804
31.149937,-3.598642
31.00269,-11.754344
25.436451,7.2728343
21.49113,4.311415
33.919815,-7.587669
27.482275,7.69464
-4.25575,-2.5314627
26.569374,7.55746
16.443436,-4.55369
21.429651,5.955032
-6.3309793,-1.4572238
35.557022,-7.0768476
-9.5392885,-1.4432112
14.836922,11.284784
20.885971,4.7636294
35.684692,-7.0070286
-7.961348,-0.90534526
15.105542,-2.0195608
13.938719,10.562766
-3.5369387,-3.749618
-3.1765285,-2.4842415
23.453102,0.7586029
26.997866,-10.187086
30.76705,-12.014398
32.43795,-7.3092675
28.859957,-1.3974966
30.953566,-3.2339687
16.51757,-4.4717913
29.374744,-1.7090057
18.515572,-0.9326221
-2.9682908,-4.7959967
-5.0818443,-2.8037226
16.04283,10.2361765
-7.37079,3.212915
-2.1326468,0.14183018
17.306059,-1.6143445
21.373447,-8.138652
-1.0723865,-1.71042
-9.661323,-1.5492272
30.27606,-2.4332004
33.157776,-7.584345
-5.060091,-2.151065
26.185287,-10.256045
32.014294,-6.9814587
24.904268,9.437965
30.886513,-3.0528624
-3.4757414,2.707142
22.44595,7.1533303
2.8228824,8.459103
6.4075294,27.278858
7.3998137,-0.35405338
6.23782,14.049645
-6.1180906,23.695038
6.1908603,18.241703
6.473754,17.313272
-0.90032625,34.25085
8.847677,-28.245296
6.41821,4.3858976
6.5656753,3.054431
-1.0793154,27.500057
7.8842554,-0.84492207
4.601285,7.0706916
5.959329,6.163735
25.470816,10.797108
-0.6239841,28.244871
12.523772,-4.9470043
4.855682,21.954187
7.363704,9.714428
0.22031537,30.6387
-4.3518023,23.889145
-0.88671213,29.935616
6.215802,6.294854
6.812304,10.867191
7.033651,10.34372
1.1997772,34.35376
1.0898746,20.182493
6.5691924,15.317989
-4.5463376,23.630999
11.014936,-4.6041684
6.5934644,22.243032
6.5690413,2.9846194
6.30753,18.291492
5.4779415,25.770987
-0.32926884,32.722626
9.060536,-2.1212356
-1.6458939,26.981625
10.612168,-3.9596496
13.136522,9.133453
1.2376812,19.926523
-2.215358,29.024887
2.289205,9.0475235
-1.8610058,16.73377
1.5446203,21.611465
8.751629,-1.8535191
0.41287825,33.66095
5.4472,27.866455
-1.447379,15.278874
6.60997,15.788119
-5.3912907,21.718065
1.214654,23.028923
2.949339,6.6828747
2.1361425,9.264875
-2.0006306,29.496374
0.41949776,35.466766
1.5400428,20.701443
-2.2050366,17.85687
9.701673,-2.7912002
11.01131,7.3882904
1.1929553,34.065887
5.6914086,18.882872
0.79733795,34.798058
4.670586,7.1123347
7.986082,-0.47579068
-6.2827306,23.712372
1.8974537,33.633312
4.719102,29.30378
4.792467,21.101759
5.9844117,13.279856
11.587104,-4.8749537
-6.2297873,22.031881
-1.4905112,15.413421
3.1261315,33.65181
6.327335,11.85504
2.8205528,6.4043207
5.3028607,25.608824
9.522656,-6.031069
7.1127625,21.850449
-1.8727608,26.525099
7.2783723,-1.077914
3.5974379,22.22679
0.44885477,20.240917
5.728464,26.308414
4.9220705,28.677584
5.67788,13.165967
7.12356,22.694693
-2.154501,25.906107
5.71029,22.231909
10.833399,7.379923
4.430494,29.773203
-1.9035461,16.999092
0.45146373,29.04572
9.39736,-6.0626407
2.919965,6.7791276
3.2362916,33.622643
-3.915083,24.089666
-0.73504424,28.604193
-5.946873,21.858809
7.4968085,7.6731644
52.27005,-37.25699
54.665092,-26.543634
57.049004,-26.14742
27.276754,-40.19093
53.0903,-25.092754
30.795336,-31.652658
26.178038,-34.39635
27.212801,-39.082985
56.125168,-26.31208
23.067335,-34.756824
37.00194,-25.576334
32.32049,-21.867264
45.568405,-31.10154
47.77148,-24.839848
30.454092,-31.736399
40.226864,-27.837553
31.517887,-33.484917
46.162575,-43.11288
26.925869,-37.913704
52.7551,-28.710918
51.55726,-36.59934
26.419264,-32.157097
44.463585,-41.4334
51.838352,-22.616882
52.303284,-25.295235
53.641468,-24.517014
43.402695,-43.376137
34.111893,-32.452263
45.696247,-31.626871
51.464634,-20.775211
34.88002,-33.812366
50.322906,-29.59549
51.80957,-36.83961
42.88522,-43.289646
39.119724,-26.795414
44.46708,-40.195137
47.673573,-34.032352
26.013538,-35.470097
27.268194,-40.480625
41.83109,-40.771713
25.338644,-31.213593
51.375015,-20.846142
34.491146,-32.38436
32.16666,-21.76154
33.151344,-27.377407
47.272373,-19.442432
41.21491,-28.73209
41.630264,-40.58896
48.971836,-25.802402
23.043554,-34.759895
43.368233,-43.27385
45.64051,-31.737055
27.427742,-39.802856
48.370804,-18.569412
32.890484,-30.69778
35.173916,-26.27992
34.887413,-33.014435
27.125666,-40.726704
34.213963,-33.619617
32.236244,-21.801783
25.139263,-31.106447
51.726364,-21.84487
26.070402,-35.37313
18.84642,-27.12357
33.447598,-33.710075
44.394093,-39.94118
48.363403,-18.730785
49.097027,-25.905533
31.581621,-33.564903
49.870525,-19.006243
23.713772,-29.116814
54.21936,-39.11714
43.997345,-42.795677
40.692486,-28.44106
49.387436,-18.872318
54.628807,-26.233906
51.66911,-25.534744
41.84833,-40.535522
46.874405,-33.275185
40.71302,-28.380207
44.6052,-31.91794
32.180534,-21.784563
51.164597,-29.651518
33.208176,-31.03018
51.45786,-29.274376
47.151382,-33.59902
43.842342,-32.52347
39.271133,-26.947582
54.438618,-39.531204
50.25956,-18.86821
47.886578,-18.930748
54.58608,-39.975468
37.104893,-25.481464
47.906902,-25.021456
32.76794,-27.521528
46.218384,-43.040127
26.407417,-32.31593
33.680466,-26.973532
46.419277,-42.478428
52.02601,-28.979427
29.28612,-61.48166
37.59359,-59.803135
25.208315,-55.734703
37.304417,-59.61787
32.80619,-57.9413
36.79892,-61.99014
25.299393,-55.80772
22.282608,-54.833317
43.827747,-64.88871
9.103105,-60.952724
17.389875,-50.588593
32.363888,-58.61684
9.390029,-62.335117
16.884235,-59.55471
9.99368,-64.60688
23.07907,-61.882233
34.34843,-58.002087
27.25949,-57.84307
8.27711,-60.898693
29.36169,-61.21466
42.22388,-63.939335
27.631866,-58.364746
14.687628,-56.158382
18.315079,-63.92649
26.625591,-57.01846
20.39866,-63.15459
34.751728,-65.28727
26.261786,-55.563774
23.052605,-61.838707
28.87843,-61.72425
19.020817,-50.513992
40.118496,-68.31778
16.215921,-53.11501
46.916492,-63.57172
36.81405,-61.265293
39.348915,-70.1901
39.799225,-68.72186
10.094867,-59.740906
19.795929,-53.20534
36.554028,-59.27715
34.61526,-65.34305
33.489098,-65.51309
35.037956,-66.69954
40.542084,-71.39023
12.952979,-56.850643
46.406734,-64.50059
16.416098,-53.02185
20.646046,-55.893658
35.102406,-66.790634
40.5285,-71.40102
19.635883,-53.640423
38.600742,-70.48481
20.695772,-55.33318
12.0246725,-57.564495
35.831482,-59.141293
9.385374,-62.2267
46.987743,-63.892735
39.53249,-70.416985
20.874014,-62.909645
19.629972,-50.082073
22.260775,-60.396557
16.51435,-58.47187
36.921726,-62.46325
39.883842,-68.65335
10.157121,-65.76472
21.334864,-62.521637
20.46545,-55.698772
45.40223,-62.047977
17.295536,-51.424133
46.332096,-61.635345
12.047202,-57.492435
21.986988,-54.468266
17.989536,-50.654484
9.184313,-59.58295
9.4336,-62.501484
43.83955,-64.15937
9.967835,-64.37217
21.48047,-57.07199
28.694553,-59.112843
17.003181,-52.737316
18.628742,-63.977646
46.055485,-61.67587
43.799038,-62.80322
15.753283,-58.037468
33.161892,-57.6116
26.130245,-55.48172
43.57575,-63.74981
9.42524,-60.41274
19.498053,-50.14239
18.119886,-63.880093
28.804373,-58.97387
31.669838,-58.597485
34.10219,-57.990562
16.979145,-59.80544
45.58675,-63.427013
37.962044,-70.82818
44.342293,-63.56156
10.124337,-65.62932
13.50433,-56.657314
14.447207,-56.62555
-8.1664915,-35.506695
17.367186,-24.740274
8.274709,-38.745697
0.35720068,-25.401543
8.015226,-37.765007
2.0718088,-39.212257
6.0167437,-18.527939
9.20387,-24.017994
13.568731,-25.414923
-8.923741,-36.481476
-1.6973395,-23.759182
-1.0663867,-36.369728
-1.2135435,-37.518265
-1.2478839,-36.814087
4.033448,-39.362118
8.359571,-30.326172
2.035249,-41.99738
4.3419228,-37.936684
11.541714,-24.3367
19.90132,-23.536364
-8.016996,-37.401
11.693953,-23.326569
-8.629123,-37.149727
8.295203,-33.65448
19.13683,-24.286762
4.601189,-36.66183
4.159994,-36.157417
7.4758177,-35.553715
9.003857,-24.077105
15.788322,-25.83849
14.6255865,-18.51246
13.677629,-25.281315
-1.4468086,-24.061384
-2.6208634,-37.79819
9.769505,-33.379738
13.587771,-17.316551
12.477254,-16.410202
3.219162,-42.085026
-6.1287265,-32.90846
-9.164643,-37.189533
12.837712,-16.684862
-5.2821484,-30.95695
8.619999,-23.644903
-7.1751685,-31.771906
4.0565524,-37.449005
4.6831694,-20.852255
18.946201,-21.579424
-3.4091954,-36.81169
14.988651,-18.084202
-8.632499,-36.5778
15.951121,-23.46869
4.3371015,-20.764835
3.7284915,-20.768435
6.071995,-18.441448
19.901447,-24.652525
14.816192,-21.61597
2.9116979,-26.977545
-0.7094202,-25.194117
17.706799,-27.916193
14.604494,-18.145847
15.981062,-22.758432
7.777245,-34.138077
11.620308,-23.8142
8.425239,-30.137077
4.0187125,-39.57463
-8.067323,-31.5742
8.447988,-24.23336
-3.4261694,-36.863888
13.96191,-26.108942
8.316436,-39.13614
8.6285515,-29.195963
-0.5300717,-24.988905
12.738555,-16.58559
-6.058956,-32.478695
6.35939,-21.745054
6.293001,-35.30573
-0.2086487,-40.50711
7.390551,-34.86935
16.686323,-22.643015
7.924604,-37.256832
3.0083153,-26.973566
0.021285055,-41.121662
-0.6884701,-23.843546
-5.7857113,-31.743984
17.95851,-24.396437
18.865025,-26.782244
-1.3862342,-37.362194
8.288184,-39.4886
20.142324,-23.373398
2.8142533,-42.165504
4.612017,-20.761208
0.028544033,-41.04814
16.267635,-24.13042
0.4812923,-41.767757
7.7010546,-22.764793
-5.5996976,-33.624386
-7.328967,-31.735243
-1.4338547,-24.788258
-2.3432136,-25.829634
9.754685,-33.37502
79.15057,-21.564726
64.31166,-38.01726
71.03933,-25.694378
74.66481,-43.312977
77.03084,-24.555952
76.65075,-26.848766
65.31922,-49.120014
60.881184,-43.64646
58.505722,-39.205242
56.464367,-40.461185
65.85216,-49.026745
65.56539,-49.187458
66.63062,-45.37931
80.556595,-27.583126
80.07316,-20.428354
80.02218,-20.351805
71.65613,-26.133398
70.00494,-28.604776
19.493822,-20.997375
65.35671,-51.219643
67.09821,-50.72602
63.725964,-37.79555
69.89632,-42.797802
61.640114,-44.53254
56.749744,-40.44959
71.337395,-38.89485
70.890335,-27.317099
64.501854,-51.088066
75.93052,-42.416733
63.040306,-46.67761
80.41438,-25.892576
61.803577,-44.744526
65.76978,-51.19971
76.67981,-46.67756
69.55598,-42.062214
72.08544,-23.57869
76.31664,-39.58145
64.70025,-36.379326
69.881714,-26.468067
56.555656,-26.265837
63.490135,-40.089054
71.63204,-38.504215
72.8514,-26.126797
67.739136,-39.627937
68.212364,-31.284609
71.9462,-36.43819
76.791916,-48.341854
69.4411,-30.368946
69.346245,-30.088236
76.90257,-36.84672
69.01295,-44.241882
57.847397,-39.693554
64.29226,-38.021027
80.046074,-27.113539
64.591225,-46.838978
75.38708,-47.80445
78.53128,-20.416298
76.45808,-39.381947
77.37875,-34.957672
79.23188,-28.930452
79.99977,-27.028915
76.79329,-42.890923
71.874306,-36.11459
76.99737,-36.507282
63.93657,-46.648396
69.74083,-42.61445
74.41977,-25.845926
77.396576,-34.866478
69.63789,-43.73621
76.88502,-36.51103
74.44253,-28.27609
67.65855,-39.557327
64.27338,-37.396523
70.98371,-26.926014
71.92014,-37.073658
66.202034,-45.25584
76.35634,-47.093678
69.70699,-29.217262
65.949875,-50.366795
78.67315,-21.501049
63.56781,-39.78354
59.660126,-42.540855
75.84705,-42.136387
74.430984,-47.905724
73.00875,-25.998724
74.305435,-28.155247
79.48592,-28.11443
72.019714,-23.744715
74.17977,-43.36575
75.606575,-47.718178
79.43683,-25.899603
62.750694,-46.822163
67.402664,-45.21986
59.58358,-42.471565
76.63069,-24.94192
23.737263,-28.965656
76.22168,-47.480587
56.979084,-40.359325
76.69045,-26.5229
79.38646,-21.314804
-17.032627,22.238825
-19.015413,13.935584
-23.316002,17.56454
-42.378784,8.830697
-17.585068,22.612043
-38.446095,10.903883
-32.01553,14.638014
-23.326075,21.881435
-32.196354,16.974371
-22.725515,6.236235
-25.345343,5.010394
-25.145681,4.6398335
-38.05897,0.31810057
-20.297544,20.976696
-37.71557,10.8036785
-27.294985,11.676128
-30.206707,16.097023
-26.816313,12.822236
-18.814774,13.934243
-30.159586,14.346922
-21.230955,4.8072143
-45.015697,9.25029
-31.692242,13.76273
-19.289322,13.452693
-26.803673,20.384584
-15.860879,20.148184
-18.60987,17.843853
-27.161016,2.3123443
-18.08029,19.245102
-35.64357,3.9548228
-29.099823,13.794999
-39.6631,7.352012
-31.561989,14.128792
-34.208256,11.331391
-23.137785,20.4245
-34.42192,11.366371
-16.29121,20.494648
-43.30085,8.415078
-20.652481,21.541683
-28.379818,10.984193
-44.450188,10.678172
-23.189823,22.462032
-17.41624,20.315485
-42.216618,9.867384
-38.273758,0.66507214
-22.171425,21.386148
-36.268253,10.751025
-16.51773,21.74564
-33.817226,12.965641
-18.426857,14.599714
-25.902946,2.888626
-36.707626,10.252348
-26.852259,2.3003275
-22.312912,4.726608
-17.835379,12.342351
-37.819912,11.031238
-23.27565,17.560673
-23.12139,15.746285
-18.653444,18.388416
-17.06229,11.613853
-20.106382,22.655266
-31.39373,13.018601
-33.91398,12.0357685
-26.836699,20.322569
-39.25558,1.4085929
-25.83281,3.1034482
-17.748104,20.743542
-44.92639,9.866772
-29.86971,16.352152
-36.957825,3.8793778
-38.01001,0.36359626
-35.83719,3.6556916
-32.797752,15.792728
-23.19155,17.20622
-23.065136,4.415886
-17.32905,10.986739
-24.995066,1.8025202
-22.356697,5.7017903
-35.749123,2.2965858
-40.10315,5.4735837
-21.734198,4.7051435
-23.041061,21.194988
-35.815678,2.6955721
-24.1749,4.364826
-32.115894,16.751617
-43.25053,9.772647
-24.735989,1.6887077
-20.949255,4.720895
-40.101738,5.5812
-20.436117,22.273975
-19.727278,12.926564
-38.47317,10.553387
-38.979153,1.1301562
-44.191097,10.786041
-41.304184,11.026441
-39.584034,7.403697
-17.693521,12.357939
-27.058542,12.540984
-43.09678,9.204134
-24.602121,21.605545
23.184008,46.688034
33.663715,68.749176
33.768845,69.54157
28.759405,43.60031
34.585377,42.583645
42.766705,42.95185
24.614365,45.37155
31.19807,63.899467
33.918358,71.80139
29.282604,58.987213
28.044926,63.920876
32.118618,63.476967
39.40176,53.35272
31.616713,63.60883
42.350636,37.99127
29.4408,43.15674
43.22465,39.135826
25.84971,71.47527
32.21651,54.41178
28.553688,75.921036
29.680399,76.85135
29.173717,59.078815
28.070768,50.16854
34.034027,42.768497
26.688833,74.14241
30.009764,45.787807
25.755413,55.608963
25.382374,56.133877
29.6778,64.79002
40.354916,44.431747
42.901386,43.18097
26.460379,47.462917
40.67521,53.658268
32.325092,53.7672
40.660328,42.924282
25.5193,55.747723
26.840353,74.09661
27.061552,73.62549
39.303013,53.86486
44.71432,43.679985
41.722595,38.175926
40.07522,53.33834
33.885902,71.31825
35.981014,51.918358
33.87212,70.88624
34.566948,42.588314
38.51615,55.028362
44.577904,43.578438
42.29167,38.011032
29.054962,76.45102
26.19294,53.675934
27.511684,62.5465
36.845432,52.535717
38.79205,47.145397
38.79348,51.234863
38.384155,55.121452
42.373474,38.478516
36.85458,52.94662
30.899162,44.556812
28.391516,75.714386
25.955181,74.872765
38.48491,51.2425
38.592575,49.232292
40.894794,44.221455
40.740223,43.95125
35.946865,52.056473
32.762928,53.53606
29.867146,46.06143
44.628693,43.643867
29.117868,76.61485
26.059706,53.802692
33.957775,71.93128
26.973778,48.680046
30.859278,63.951107
39.03746,51.843567
26.701658,48.005463
24.658388,45.536182
25.137552,46.448685
28.122698,64.068886
34.093212,67.45325
34.467968,67.531044
30.794626,44.5312
25.316126,45.22802
24.085741,46.990593
26.412256,53.284176
27.445284,51.88253
27.825123,51.668564
41.864864,43.519985
31.97686,53.4606
29.6245,64.73729
25.939482,70.95213
24.100775,47.164505
25.901937,71.14158
34.914482,68.15502
41.3731,38.939247
32.58774,67.13989
38.807312,47.191612
26.597616,55.444393
28.92055,43.45392
27.54545,62.58094
-12.725817,-16.911066
-39.25021,-13.044241
-25.92489,-17.1206
-30.955803,-19.668861
-17.51893,-24.81374
-28.634548,-22.67901
-28.903849,-22.670135
-25.744398,-21.658554
-16.79789,-11.928982
-34.179848,-14.451153
-24.827963,-24.874636
-31.207075,-19.663868
-38.559803,-12.254493
-20.315256,-17.362661
-23.617859,-25.090195
-16.09409,-21.053835
-32.03415,-8.208824
-27.958149,-7.176477
-23.777052,-25.080702
-40.322117,-13.618353
-20.551266,-27.544727
-38.7406,-12.470848
-33.74269,-18.798517
-28.292406,-7.2674637
-41.543827,-15.893095
-17.07494,-15.433792
-43.16777,-16.544876
-18.21958,-16.873047
-22.590279,-17.742428
-41.36121,-17.230598
-15.0236845,-12.297773
-33.072865,-12.2341795
-16.256157,-9.760314
-15.635983,-10.594396
-18.545755,-26.903461
-15.066195,-21.40814
-16.838438,-11.886679
-41.17929,-17.029392
-12.586803,-16.780878
-17.358246,-20.458002
-13.849126,-18.264229
-29.7737,-12.742156
-31.788488,-7.4406986
-15.214104,-19.40111
-35.51871,-14.5845375
-33.19267,-11.3112135
-41.80496,-15.55502
-18.425089,-26.018482
-42.510983,-17.103785
-20.679905,-27.528214
-30.528027,-7.696012
-29.56416,-13.098772
-31.826569,-8.496233
-26.056082,-19.613272
-37.443306,-14.480736
-26.421598,-7.04402
-32.392075,-19.493422
-30.522373,-22.914522
-15.437741,-12.090056
-29.401697,-11.288635
-25.935179,-17.23045
-26.004086,-18.964825
-13.639308,-18.734589
-16.954168,-23.530722
-31.257647,-7.2632933
-18.352362,-13.288864
-18.283728,-25.92608
-16.904644,-15.618718
-32.89071,-12.171841
-16.863165,-10.422488
-25.122341,-24.776363
-22.880413,-25.369904
-25.842554,-16.670847
-15.75398,-9.640055
-33.410652,-16.385359
-28.816677,-7.3952656
-25.477427,-22.031979
-43.301014,-16.075125
-33.710243,-14.429225
-18.522013,-26.934738
-15.193568,-21.417788
-13.561894,-18.40948
-19.538351,-17.30008
-17.076126,-20.614529
-12.41656,-18.248556
-27.52877,-7.171568
-33.7227,-17.78007
-26.993446,-7.103328
-26.20438,-20.797323
-32.077812,-19.310503
-18.442852,-17.01856
-29.34806,-11.177709
-14.671353,-12.540322
-42.767456,-17.248215
-37.587994,-14.51204
-18.18393,-12.853156
-29.969225,-22.916147
-28.428858,-22.045538
-33.89077,-18.385244
-22.901941,-17.82067
85.70089,9.7235
77.17796,18.6179
87.233315,23.019318
91.13325,21.59471
85.57522,9.035213
69.55334,21.03939
86.68085,-3.2672548
73.3836,8.620573
72.48643,8.384438
84.56359,16.872452
90.243004,19.190199
83.42621,-0.38086188
69.67982,20.148256
81.60708,3.1373963
84.37639,-0.6116854
86.96761,11.817566
84.080574,-0.5986937
73.7717,14.113618
86.49629,6.9800844
75.369484,18.756828
91.46416,14.778628
94.636765,-0.054470208
95.007744,-0.0052771317
87.42682,23.00069
74.399155,7.1890397
82.11415,0.11037434
81.18147,15.190094
72.78263,8.841204
90.42404,21.983988
85.150604,14.755737
87.98506,14.618813
72.32007,7.532996
89.14954,13.861971
74.76289,14.919175
80.414085,1.3091141
89.6765,2.5915859
72.37256,13.439779
95.76665,-2.731578
82.28132,15.433695
73.74103,5.9946623
90.72401,3.6593528
95.01059,1.3566017
71.67173,12.010646
71.84053,13.981463
86.931625,23.005234
88.61144,13.721499
73.66091,17.994217
91.72321,15.396737
70.06305,19.19042
95.75179,-2.7706723
90.16199,4.399073
76.86227,18.612757
71.79227,12.450116
75.63201,18.49853
80.95249,0.3611034
86.3381,-3.7636175
90.72679,3.3478882
74.928055,7.223112
81.781586,3.0776856
84.88188,14.89659
89.19706,13.813151
85.37589,9.049191
90.45253,19.26788
88.78248,1.7053777
80.25824,1.7687091
92.06496,17.69173
94.26177,2.455615
95.13708,0.797059
89.55149,13.38888
90.31866,20.93471
74.29528,14.48897
69.3,19.160545
89.09824,1.9862406
94.8288,-0.24662665
77.61136,18.618559
84.45104,16.948053
86.33193,7.2473927
81.96191,15.348367
92.168884,17.583202
91.841194,15.746439
90.13438,22.143435
90.64458,2.6703274
72.66455,13.4604645
95.63051,-3.3606787
83.41888,1.4451187
70.2537,19.388506
74.11887,17.846952
90.308205,20.600056
86.051506,-3.1061316
92.57313,3.0630202
86.23215,-3.4117832
72.79704,6.763683
70.027435,20.014915
85.30783,-2.0897272
72.69024,7.289999
81.0246,0.49401438
95.578636,-3.7591667
74.84831,17.937105
93.117096,2.8411784
85.571396,-0.28643546
-30.198692,-73.25958
-26.580252,-75.493126
-26.042164,-65.33165
-20.248959,-83.456406
-17.210968,-70.91009
-11.725557,-53.982513
-9.891869,-50.913578
-10.760568,-49.79156
-10.658467,-51.891
-26.239681,-81.78985
-7.6751165,-52.889286
-11.141026,-61.104923
-17.115465,-65.262825
-26.317919,-82.36123
-20.841742,-73.380104
-15.146326,-72.22185
-18.647804,-65.63953
-29.244888,-68.294586
-11.437532,-49.68542
-20.729979,-73.34924
-18.51242,-65.667854
-12.575003,-70.14828
-29.96378,-75.3753
-16.823072,-72.18536
-12.189327,-54.41431
-7.1141195,-65.70178
-15.1495905,-57.20722
-20.916658,-84.03616
-28.791332,-69.36999
-12.993952,-54.876167
-27.449158,-77.168526
-14.626297,-58.053005
-17.564566,-65.39742
-12.4676485,-69.65609
-12.581618,-70.11183
-27.588503,-70.68481
-26.154493,-82.04156
-30.219461,-73.16309
-23.780043,-84.548454
-8.257708,-58.12535
-19.325388,-63.075615
-6.83339,-67.503525
-6.8855696,-67.1661
-19.99131,-83.10001
-19.86998,-63.113758
-19.252684,-62.58547
-10.002192,-50.84843
-9.142392,-65.014175
-25.986889,-65.26079
-17.907907,-57.032352
-17.877993,-57.036415
-11.305948,-61.392696
-14.500123,-64.2894
-10.882648,-52.51494
-11.712434,-53.952282
-27.662956,-70.68735
-26.592577,-75.472176
-30.033094,-75.59322
-12.010436,-65.160774
-8.645179,-65.1175
-19.131527,-63.883667
-16.785563,-72.86199
-23.489761,-84.39592
-24.097908,-84.81232
-26.477684,-82.88779
-10.7881565,-55.951004
-20.654058,-84.049515
-11.343681,-61.997364
-14.146588,-57.22776
-27.447565,-77.120476
-18.56041,-61.816944
-31.818007,-71.94169
-16.33035,-61.22725
-23.077868,-73.883545
-11.737949,-49.68187
-6.826549,-67.04209
-13.08923,-64.46038
-8.271809,-58.060196
-22.663017,-84.207146
-23.254051,-73.94021
-31.878445,-71.88107
-8.311491,-65.23308
-14.898517,-72.830475
-29.231121,-68.41997
-14.070115,-73.303764
-16.586452,-61.063652
-12.168289,-65.0956
-14.740868,-56.4851
-25.030985,-74.57204
-28.778938,-69.354126
-14.284169,-56.445305
-14.912203,-72.82995
-7.696796,-52.925392
-14.985844,-64.24227
-31.434359,-72.35264
-16.012127,-64.64016
-24.32103,-85.26439
-16.948206,-71.58567
-10.7868395,-55.92212
-30.232735,-75.59147
-2.631498,-88.41682
-3.355622,-93.93865
7.4130235,-96.32566
-2.8724434,-86.84617
12.511061,-91.68412
28.930979,-92.71619
-5.381144,-90.95436
-3.6193113,-94.40125
0.6865947,-79.45199
4.2682815,-97.414635
29.423235,-92.945335
-0.42018273,-78.56176
22.243048,-80.31975
24.794893,-87.654396
-0.564272,-95.14079
11.265192,-96.85457
-0.022756226,-77.90491
1.3519279,-85.17515
28.183529,-87.42513
21.42308,-82.77773
25.81819,-83.349625
14.001496,-81.7707
7.0057445,-85.90453
21.230806,-82.57101
7.6574345,-96.212135
-5.037448,-91.156784
25.203848,-88.38073
6.510095,-97.43759
6.7774587,-97.33164
-3.8627274,-92.60595
11.469227,-86.828865
4.1828985,-96.88112
6.871541,-96.22197
3.2783635,-86.6752
10.691691,-95.65125
22.561192,-89.12527
26.429115,-91.56383
-2.0872424,-78.475044
15.393965,-86.140274
0.12695736,-94.72244
26.120779,-83.72299
-4.1357102,-90.93673
0.10103105,-94.579865
17.134995,-91.74688
1.8802459,-83.85093
14.281026,-82.6827
4.6857615,-95.588524
26.374035,-84.148125
-2.6980286,-88.17774
9.497128,-95.813416
0.250469,-93.66216
11.464662,-86.87297
10.534726,-82.832016
17.626743,-91.50467
17.360838,-91.60837
1.7987362,-84.06042
-2.0824413,-78.49249
11.1251955,-86.11354
21.472063,-81.9925
15.424612,-86.21844
10.709967,-82.55674
22.213417,-80.325356
18.06228,-91.26965
28.06842,-92.67571
1.3511633,-80.359886
1.3943095,-80.147385
1.1740521,-85.644196
21.359755,-82.42718
6.720963,-85.98915
11.10975,-96.19517
0.32985052,-85.74246
-5.8306537,-90.89233
9.865313,-85.18907
13.949291,-81.36807
28.197363,-87.73218
4.63413,-96.061104
26.028938,-86.66512
28.011662,-88.7869
-3.2896247,-94.17797
-2.3448257,-87.392265
25.285463,-87.64506
12.449224,-91.61269
-4.0682154,-91.84919
26.788551,-86.15422
-2.9808795,-86.663315
1.0031699,-79.821075
27.82322,-89.00403
24.74411,-91.365074
10.992904,-95.97084
9.946699,-85.2373
25.99459,-86.67348
24.492682,-91.08232
-0.26200336,-78.5005
10.416197,-83.006065
25.274145,-91.51225
14.387398,-82.82742
28.713327,-92.69379
5.1912756,-95.541046
22.39305,-89.09104
2.6791284,-86.564476
64.85569,60.577465
61.58267,40.75919
70.5593,48.77274
74.16637,45.538506
69.251625,49.163525
55.134457,56.029026
52.427895,69.352425
74.43839,44.117115
60.78168,45.61628
76.13396,48.30076
64.588554,64.92862
67.86538,61.730915
72.87597,50.738773
60.27223,33.075027
62.76349,36.13495
50.255695,69.568054
54.962673,63.84173
54.940132,63.887947
67.26778,64.40888
61.035683,34.513985
56.402943,67.416435
67.505775,60.47747
61.941097,38.209225
55.01456,59.81675
54.019226,54.471596
51.285286,66.03035
59.83879,34.170696
51.62966,70.40233
60.225735,32.274754
61.48024,33.968533
63.953255,65.65856
76.234215,48.436172
60.72515,42.618458
60.46312,32.63256
50.813267,69.97239
59.306458,49.141796
70.31819,49.448788
74.12777,46.049793
64.710045,64.46068
67.31265,62.38417
65.87054,63.70781
59.32754,49.091503
53.366062,71.903854
61.820133,32.618595
74.39239,44.21414
68.82786,48.75852
67.600136,60.209095
50.56336,69.86015
59.852722,43.661922
70.754105,50.254066
75.15105,47.814087
52.64072,71.39541
65.59932,63.952705
56.673508,55.132374
74.26984,43.001163
61.863976,35.863014
52.373135,69.61726
57.15983,67.216835
51.136753,66.02501
54.942585,55.603687
67.054565,60.596954
54.97584,57.525253
75.8399,48.268974
55.03139,64.12519
53.406982,72.24811
55.136692,56.539963
61.038162,44.853607
66.68376,63.04147
51.097694,66.09439
62.29078,39.020157
70.768486,49.66488
61.933323,35.889225
60.06634,31.935253
61.097084,34.75802
74.29288,43.148476
57.42812,53.451077
56.782814,54.737
55.640194,68.14783
60.601437,43.091682
72.94163,50.94441
53.83466,53.722153
54.879112,62.29098
61.37509,41.335857
56.39159,66.02492
65.013794,60.44441
53.830383,53.50406
70.5031,48.382477
63.197437,38.677784
62.740746,39.20434
65.90027,64.34894
56.66086,66.80439
58.01252,54.175648
56.96431,53.164684
61.383007,44.75513
54.90212,60.81874
68.145584,64.39609
54.194626,71.68212
57.460464,53.38531
54.95452,60.28508
60.65092,42.670925
-74.116776,-0.19007291
-86.708145,-8.627648
-87.234634,-5.2956963
-60.60381,-6.41561
-66.461845,-1.358983
-79.06003,1.1227819
-56.189083,-3.716919
-55.98203,-1.5663885
-84.26691,4.134877
-79.05656,-5.3566337
-67.92355,1.2353698
-90.16716,-10.589172
-65.90453,-5.7927923
-68.085144,-9.562125
-68.601166,1.6381716
-63.59378,-3.0392337
-86.7254,-8.791909
-80.52762,-5.5010056
-67.27785,-8.351637
-65.82434,-1.0603977
-63.224236,-8.818911
-56.39148,-4.1208525
-66.36647,-6.277711
-56.041523,-6.4303684
-88.61986,-6.077458
-89.739685,-12.6350565
-74.53959,-0.3813964
-60.42377,-11.093481
-65.408844,-12.069992
-55.975727,-0.81617373
-79.60678,1.0625895
-90.36843,-11.8213625
-61.917027,-9.033788
-60.244858,-11.870437
-65.673935,-0.575004
-61.170433,-5.2692504
-55.95697,-6.458138
-62.362408,-3.4351892
-62.99866,-1.9865158
-60.05369,-8.868839
-58.876324,-6.8258977
-56.279633,-3.9330378
-74.13654,-0.17938252
-89.55076,-6.4991484
-84.185234,4.838958
-85.1482,2.7418354
-89.879486,-3.0258205
-65.88737,-7.9621015
-67.810356,-6.131461
-65.471405,-11.973583
-86.800735,-7.268084
-56.0002,-1.3311765
-67.83507,-8.906615
-73.286026,-3.926108
-88.494965,-5.6541185
-62.814564,-2.5838282
-73.88557,-5.377407
-72.95345,-4.221546
-83.56614,4.069687
-84.030876,3.9177945
-89.08168,0.48492616
-66.6895,-6.148235
-75.40275,-0.42999357
-87.06645,-4.9950523
-73.84824,-2.6263435
-90.366295,-2.3192418
-77.41727,0.5505614
-88.91263,0.40573785
-84.514915,3.3936822
-91.048805,-11.185383
-89.75564,-6.690008
-60.21305,-12.03009
-74.139114,-5.698596
-60.647945,-10.260463
-66.391716,0.1503489
-79.66083,-1.2864382
-73.54441,-4.692359
-90.15899,-2.6802928
-87.102646,-5.6061525
-79.06648,-5.4203324
-91.920746,-1.5465397
-67.95737,-8.328105
-89.37697,-12.750456
-78.66441,1.1067153
-61.973637,-8.893624
-79.49256,-5.163475
-60.374146,-6.6265125
-79.586044,-1.1291624
-67.82802,1.1684375
-89.9677,-11.741978
-79.58759,-3.635155
-88.868675,0.03384846
-65.48899,-11.914028
-90.08143,-12.179531
-56.028076,-0.5323071
-78.84464,1.6628815
-65.47497,-0.97691405
-63.12495,-3.0498667
-88.5155,-0.7579747
-91.92259,-1.526837
3.5972028,80.90767
19.341116,33.154953
11.615256,44.059494
6.8939543,81.31034
10.974118,60.34419
1.731749,64.84967
2.0167801,64.587036
9.525759,59.055946
9.545006,60.17506
2.4904802,63.923023
4.1373186,64.18617
26.317848,22.909355
6.5584073,80.67951
28.764788,25.53383
5.586206,46.44386
5.176274,55.979
21.816628,28.147013
21.109533,27.62254
5.4626336,47.64782
16.143492,38.218994
23.881592,22.911024
28.334438,25.533745
15.732107,38.77723
7.6556096,80.92729
11.422183,46.92712
7.783276,68.95935
8.239656,81.62571
11.603849,46.29382
13.895492,40.395157
14.082205,40.39594
22.714674,27.4743
22.662693,22.348146
6.0675445,66.03883
21.852509,24.509512
12.13107,46.14547
17.893185,35.86293
9.379286,58.0983
1.7679174,64.96912
22.094135,27.964674
7.7233295,69.04232
8.6067505,56.329586
-10.280768,62.397007
31.430866,30.74598
16.133602,38.313797
4.948633,55.973145
10.942897,46.03713
22.719437,22.580244
10.907874,60.367462
8.467513,66.39942
22.037668,24.92632
8.452937,66.43322
8.778636,67.28882
9.039086,57.14448
17.625305,34.937958
8.354404,53.606525
29.578476,25.869408
25.72858,22.950966
31.993874,30.146801
5.1921988,82.43941
6.362355,79.73066
10.731578,45.12353
15.472173,39.041733
4.726836,47.085114
31.98218,30.033518
13.664748,40.346783
21.680618,26.36704
26.850767,22.893772
21.431137,27.102367
32.84414,30.126822
5.9257007,47.665264
32.378796,30.168863
5.637838,46.632214
8.207435,54.686867
19.247362,33.267113
4.509914,56.009052
8.025353,66.51237
18.06935,35.095203
6.32464,66.036156
7.0255795,82.61975
29.32933,24.012997
8.434275,53.103096
22.63726,24.889378
8.200403,55.39451
7.9198813,81.02959
4.3338795,80.77968
11.024714,44.87532
31.443447,31.203497
4.6649055,80.279144
23.120756,22.604383
28.900991,25.307638
16.909254,35.013973
5.556404,66.15386
16.502161,37.825356
3.8732579,80.27357
29.293373,24.018976
8.475825,52.366867
17.919132,36.261555
7.0229354,82.424225
3.6888542,63.920143
9.3724375,60.337658
-57.586178,68.87691
-51.973736,62.00508
-84.47374,41.93616
-70.49352,62.4877
-70.60694,60.849834
-70.83178,60.465286
-72.95857,34.088764
-73.40697,34.780735
-69.3822,49.47643
-57.678833,53.944366
-83.77618,40.973976
-57.050686,54.628952
-79.46136,34.361507
-77.02693,36.376904
-56.82767,62.994358
-61.29342,63.696415
-59.212337,56.811
-71.570724,61.650627
-55.518993,62.33445
-72.55535,36.459457
-71.425804,37.674633
-71.37771,37.851917
-81.008965,46.55442
-57.094257,56.69142
-80.61553,46.46613
-70.162865,48.875847
-79.38711,37.935246
-71.80096,60.168686
-57.6532,63.249714
-78.06232,36.083405
-86.46899,35.03261
-84.49207,33.9167
-58.84539,52.704468
-72.15148,60.701687
-56.17358,54.998108
-73.25428,47.584938
-55.625866,62.408768
-53.898197,61.860455
-58.443153,57.2671
-62.76077,57.316555
-82.191475,39.651794
-71.92467,34.836708
-79.60851,46.477154
-73.167725,47.63476
-58.621777,53.798107
-73.126976,34.15798
-79.15761,37.55588
-71.43635,61.521976
-57.26728,57.232735
-52.445004,61.980576
-86.37462,40.9852
-76.98084,46.995754
-87.2781,40.476936
-80.90681,39.57101
-59.595776,57.19887
-54.75175,61.464317
-84.556274,41.57746
-70.60269,63.25764
-84.50722,33.897232
-52.816586,61.94412
-75.6642,46.241238
-80.31238,39.104282
-62.61398,58.3696
-87.69584,40.185936
-61.074467,63.4124
-57.60666,68.839966
-60.87033,56.088604
-60.109634,64.96003
-60.38453,65.26375
-75.84522,46.575504
-82.52607,39.490833
-81.183,46.492725
-80.85541,39.666534
-86.26783,34.890408
-62.546215,63.446877
-58.808178,52.50211
-84.82418,34.365795
-73.505226,33.41019
-70.56453,62.496647
-79.50797,34.347202
-69.26563,49.554493
-57.577904,68.88498
-78.21782,35.829983
-62.595947,57.887062
-60.568913,65.12222
-72.21392,37.045773
-58.579403,63.97869
-86.43433,35.039467
-86.693886,40.84794
-70.20565,48.805702
-78.09448,35.310146
-76.6352,47.194584
-58.34011,64.49074
-59.445747,54.30393
-54.324856,62.067863
-56.323227,54.959084
-61.005363,56.08974
-82.73621,40.128387
-72.734695,34.017334
-76.27631,47.035927
-77.99108,-44.64127
-83.84477,-37.30162
-59.612476,-47.873646
-77.97383,-44.611977
-77.20215,-48.81606
-73.23743,-34.780155
-71.77119,-51.114693
-73.43826,-26.812233
-71.393196,-29.711515
-76.21851,-32.45158
-58.927696,-30.410097
-73.79501,-36.53957
-83.82912,-38.315197
-61.2015,-49.223015
-69.785065,-51.477463
-83.89561,-37.117123
-79.9635,-45.006416
-55.236088,-32.48148
-77.68287,-48.810886
-62.90342,-41.07208
-75.6011,-49.4276
-56.264404,-38.324566
-69.0829,-51.483173
-58.82502,-52.201653
-76.36756,-49.03684
-60.284767,-46.286274
-60.894,-36.142563
-76.28077,-30.78061
-80.42901,-45.030495
-58.426537,-26.695698
-69.9057,-26.146349
-60.596645,-37.381023
-74.0006,-36.648808
-71.93022,-51.110287
-76.03452,-39.415985
-61.325085,-40.962208
-70.23759,-51.56482
-61.86893,-32.223557
-61.766705,-40.247208
-73.206696,-28.404982
-57.269936,-30.075502
-79.013336,-45.728004
-60.977985,-35.88592
-76.271164,-43.47929
-78.56657,-47.55305
-60.8194,-31.279367
-78.77041,-47.088017
-60.874504,-31.544079
-80.831985,-36.30227
-61.474735,-40.456432
-83.7894,-38.500755
-57.03434,-51.71758
-71.64706,-29.5315
-58.365917,-26.526201
-72.32087,-26.66565
-61.14274,-49.06271
-75.57604,-36.8042
-76.17956,-43.561924
-71.40452,-27.47255
-71.60193,-51.169895
-75.21032,-36.98915
-57.400944,-29.996126
-78.33286,-48.585888
-70.195244,-27.024538
-73.50285,-27.743452
-75.71113,-39.564217
-76.20214,-31.691969
-76.01939,-34.20211
-58.492867,-26.60681
-56.319607,-31.15642
-76.29469,-30.532995
-60.00002,-31.700844
-69.95257,-51.56361
-63.117596,-42.521275
-79.32904,-45.977783
-76.215294,-33.011086
-57.287464,-38.58286
-56.630848,-38.344215
-75.63936,-43.89208
-74.552574,-26.918297
-59.821556,-47.63637
-73.00676,-34.864212
-61.005222,-45.85466
-62.765827,-40.764183
-61.056984,-48.871254
-80.37704,-36.251793
-73.09523,-26.539083
-69.9673,-26.208094
-81.086716,-36.348255
-71.43987,-29.540611
-55.46872,-32.71753
-75.82243,-39.543243
-61.888176,-30.056578
-58.610096,-52.19918
-60.73021,-36.780025
-61.63882,-30.83609
-59.9661,-47.352543
-58.62621,-26.788149
-56.6477,-38.133884
-72.02835,-25.737955
-22.936447,38.502995
-14.244723,39.352108
-11.568082,63.42563
-17.893234,54.230312
-34.828674,60.484173
-35.457687,60.344345
-11.330382,62.28545
-13.677392,47.995335
-5.7562056,53.524788
-13.333487,47.859257
-23.287329,38.285873
-15.187037,67.46215
-30.635149,67.50861
3.6344275,47.107918
-15.515422,62.818996
-12.029737,48.03768
-10.956771,44.467518
-29.995594,61.76146
-15.3439,54.03608
-8.433641,56.138268
-22.813587,38.314873
-24.318949,52.037376
-24.657167,52.172436
-19.156559,39.294975
-6.96023,53.661114
-16.560022,66.79761
-14.731653,55.030678
-13.728578,47.438206
-8.201693,56.338478
-14.612644,55.71429
-3.8590412,52.97206
-17.376232,41.94585
-8.184822,43.85542
-17.53099,63.052757
-7.86,57.363495
-15.034544,44.319515
-14.058996,45.093674
-24.94632,65.05022
-7.231671,43.417202
-23.345469,38.37519
-8.223211,55.462566
-19.736004,63.57877
-24.874296,65.09307
-14.12638,45.04938
-31.844156,59.729427
-12.154135,48.023594
3.2354932,47.07222
-7.4634867,43.70316
-34.789524,63.939907
-25.731195,54.82473
-11.314113,44.49049
-18.847458,39.383705
-22.102997,63.056255
-23.123905,45.11647
-23.712187,57.682934
-16.34157,41.31682
-9.501448,56.74395
-34.779373,63.767372
-23.68084,53.790554
-14.325207,39.324333
-22.479378,59.742714
-16.935572,54.038216
-34.305607,60.25689
-18.175108,38.251663
-25.445202,52.277443
-29.864325,61.57063
-16.299917,42.84016
-3.8713634,53.02845
-3.0759158,53.31314
-18.17493,53.781242
-14.670583,62.863
-23.098125,45.06578
-17.328653,38.68542
-25.87883,52.79394
-17.51967,38.841583
-16.848465,38.80273
-15.569152,54.064415
-9.49533,56.23402
-5.265204,51.564056
-4.4660563,53.301945
-8.934492,43.953766
-7.0851755,43.966457
-34.763077,63.8628
-23.509308,53.68369
-21.417768,40.556583
-23.513292,62.40549
-16.57423,41.63302
-17.527313,63.01855
-22.579353,59.802967
-6.427392,53.888878
-14.332175,54.525856
-19.354168,63.496593
-24.595547,55.471085
-13.230196,63.32989
-21.196867,43.374317
-17.939573,54.646786
-21.258211,43.596607
-30.163479,61.44212
-30.044518,62.124153
-21.207466,40.435165
-41.94186,42.500015
-53.136753,20.500423
-63.410603,28.125462
-52.892178,21.030674
-64.48787,13.781408
-53.019085,19.557348
-49.73631,23.264269
-63.206142,24.438812
-65.54685,11.610781
-46.265938,29.805191
-62.657288,28.206398
-41.733364,44.509895
-46.76673,36.494877
-63.246666,27.195139
-57.14141,27.898481
-62.3506,27.550909
-47.015663,39.742977
-47.078514,35.09701
-38.91085,33.223442
-61.987392,17.194006
-39.022774,38.69757
-41.808178,43.05887
-39.481537,31.843533
-53.03555,21.670923
-53.510544,24.230536
-45.22379,40.571815
-41.76982,44.114384
-46.444736,37.011753
-39.78592,33.07508
-65.626686,24.049177
-39.040035,38.81576
-65.079956,13.93973
-61.613163,17.69263
-63.49146,24.257854
-40.647575,43.280983
-65.54373,24.03342
-50.450237,35.718433
-61.622677,12.4890175
-62.75793,15.8598995
-46.791306,34.69733
-63.14845,12.835631
-60.156948,28.936728
-45.08999,40.669296
-52.032536,24.984718
-41.579906,42.831036
-36.719025,31.824177
-38.953316,38.648117
-57.837585,23.83406
-63.236195,27.709824
-58.121758,29.570992
-56.752697,24.411716
-36.864876,31.920303
-60.324238,19.24772
-65.51749,11.557109
-39.29845,32.809925
-50.904232,33.088673
-48.957336,25.1946
-64.45608,14.218943
-46.36318,39.98909
-42.26788,44.2464
-49.665752,35.558125
-58.193645,29.487736
-61.901024,12.506683
-57.6004,28.63429
-51.318092,33.350758
-43.33188,40.519035
-46.897076,24.917568
-50.048267,35.59565
-52.833073,24.884752
-38.136818,33.16826
-37.027172,32.08956
-65.07297,14.27283
-49.898743,23.133564
-47.15966,28.125118
-62.64542,12.359465
-35.573093,60.385185
-63.439137,28.265871
-47.154762,28.155256
-46.197243,37.07327
-37.452446,33.025192
-62.870068,25.159697
-47.13779,24.917316
-61.6833,17.60387
-58.19219,23.698586
-56.22945,24.869205
-49.31373,25.34557
-55.29967,25.01384
-54.221394,24.105623
-50.877316,22.459158
-43.33501,40.385986
-55.763683,25.127386
-45.246143,30.156359
-40.437923,33.62528
-43.50706,31.027067
-51.542152,33.39083
-46.226055,30.135017
-60.282463,19.288918
-46.0007,29.526957
-63.037422,12.407796
-53.576794,20.590342
