PCA Component 1,PCA Component 2
-59.97156789055549,84.05428832444575
-64.0922190629296,107.77927456901743
-75.15811342843486,142.4707418724634
-80.24954759026288,117.3402913997183
-85.08633875418326,137.34429188516307
-80.49430381012674,126.24353850458841
-84.59525639697766,146.45169234596668
-75.42348530415785,119.95707890807245
-70.5178747779976,109.23317120158312
-60.853715935637815,102.38810521400983
-85.01885440979748,140.09484974758004
-79.9301351093581,126.51155496000146
-86.2364620493375,160.72755015815088
-51.850936099976344,68.33271349346606
-64.74453271715261,89.04391210830613
-67.49410113216976,109.55516671806137
-95.05627026401925,148.4322276542803
-67.80541721060017,83.83560669165543
-74.32858469561582,100.00574214062993
-104.18720991818907,160.43936857472016
-56.070011776234566,66.27803136298688
-70.97651628199563,109.46594075013523
-54.48870471159159,96.66574711739537
-72.52708704535539,111.0219170641145
-73.17717012149474,101.29174969817026
-76.3622818614208,134.35277074406474
-84.13205937851099,148.54908084121016
-84.72767777981007,135.7713349394622
-67.14788374795538,120.07459794539494
-58.826448568783725,78.41477381000776
-82.5001058497059,148.8838109299128
-64.47189477937162,78.69929192505388
-73.98288652399363,101.00797880640638
-90.31492632292841,144.38437684393497
-66.98448129327275,114.03107133761004
-51.7107924464672,77.61303803839449
-91.91129152718413,145.573941736362
-104.04939882711555,154.06626323483846
-95.69814235862037,170.78355531347856
-79.74249263921097,132.82317354177647
-80.55739328249851,122.94700602014616
-57.0690791403114,91.68744964914481
-55.230093172097966,83.18831719022506
-104.10453260425092,168.20857288781926
-80.97320750386442,142.91141120404484
-58.554398639673174,63.28167017294946
-52.46747853960623,80.30089801234689
-75.543130038641,108.94870745030005
-64.10208979544083,89.93728974224135
-74.9614646119894,132.7850683987402
-64.73636804751024,98.85292471396373
-55.0618054858832,91.54502771044962
-51.6503866100567,79.46896274708737
-58.370533064377625,110.28262103739958
-98.89217488605995,157.9112213955757
-97.98588853861976,154.54401048546777
-62.02199524687458,97.97715722373754
-90.17272291445057,141.62493907314047
-52.168938953649544,74.4511050772363
-95.2648571766302,150.19653738976388
-80.11795446169118,119.88335831367002
-69.12452213381607,126.5558134604077
-91.21747812909601,153.8302427227998
-59.5461633873096,82.39358466973786
-82.90233243227742,139.3736135994334
-58.33771515927294,62.670569302215455
-58.997266758016806,80.00927133768825
-75.88101636566202,120.73030041726311
-82.68811944057727,138.26410732907496
-88.12092249962775,143.8723794231876
-52.682496783443035,87.91555830119798
-84.01857428159603,135.0850674401933
-103.68921851742137,164.7511371670307
-53.39966064355468,74.79466226853575
-81.50959261368479,133.03767875560715
-95.72492181267461,150.45398856487265
-87.29436297477965,155.2188078906435
-56.28469992146451,65.9118563406404
-61.18498536654242,73.26370797619576
-61.6756241203862,80.42977610844264
-40.57590346457457,69.74815473417803
-58.13867202985455,75.29606396220144
-59.02192276059925,105.27841616063776
-51.23974717577727,69.0466454496933
-59.48972667793312,101.64603832724893
-64.26257822303863,112.29670118723287
-79.38850173884417,117.6146592486264
-45.662006835731184,68.09015708245374
-67.952249934503,113.57082075218294
-70.97711634578809,109.00979898146524
-98.460247249086,162.5483738130054
-79.8669177462707,116.76118853959579
-70.2743757285713,95.87063798111093
-82.60779482427903,122.51463136469638
-79.88898247236922,132.31094177263523
-54.75548579098674,76.88989946674653
-104.12913111432592,165.65773539759942
-84.84392949074761,164.02473328657607
-51.58155452409803,66.22328542759158
-53.49292826620481,69.66523192627537
-20.926040602217835,-27.607437100557956
-29.123302539483518,-15.554599012603381
-17.955745001537803,-48.39778089608279
-3.764680898289804,-49.4483672206985
-13.202970196988819,-49.025357130911345
-32.55327687792926,-17.821129705983264
-37.721403497056436,-14.563504736110202
-14.938958713856158,-34.16438691075259
-15.497265877742077,-49.55464126811364
-20.22793678753109,-3.3684745026653427
-25.63691617498827,-21.983027785071055
-16.642318605682156,-39.152510044736516
-9.651354585965684,-49.418491941608394
-32.16452473071898,-23.848941475874728
-9.372272600303592,-39.71717825044273
-2.5795625186140136,-46.17743888439754
-30.270165746714333,-13.558452761714019
-19.180740297121723,-39.43121031252246
-8.368580862429516,-46.61280389130264
-17.149756853219177,-29.462194283432336
-13.206442268712394,-31.682496130548788
-28.487524345432984,-28.79479054034968
-12.930760813630705,-30.73244964781294
-19.750480962873937,-35.29328489491695
-22.91555952035771,-41.282959269209016
-27.513164575600886,-20.385062343660238
-36.97486353275599,-17.560391912636014
-31.01479575104919,-15.466423844960135
-12.61056670558245,-42.19900423011826
-30.168846612411993,-7.719403770356104
-15.65649938926639,-48.008068416638764
-23.566112919354183,-26.11639253455106
-4.695916858095318,-44.36487701135877
-11.788734973375076,-50.7905698977048
-17.983565984868573,-26.33515958424638
-35.05266134272368,-10.186941615793069
-7.339515197073615,-50.50969336013254
-29.211146481962956,-6.490253291088152
-34.28401998950656,-27.20670620966668
-21.66928683238746,-19.767834826485018
-16.81476737723592,-41.85725412263635
-13.067302005047708,-36.05454872079878
-15.16881296245528,-45.31668054181957
-27.09079275548953,-14.497551227786659
-24.800736467159908,-7.958959938896823
-14.790287905749114,-46.39610799371581
-18.733177840587445,-23.027283692978102
-27.70699589578668,-7.566979740898697
-26.315810941743855,-16.821799563973126
-16.212369506854593,-43.794192425550186
-26.662601706683482,-38.83069040216954
-25.072496075489628,-28.628145763985035
-4.6252805558862,-46.57006656101321
-20.144088046733504,-40.275415567668816
-33.04198079153033,-10.541858534322971
-33.54487833159359,-17.771430991663937
-32.566212746363846,-10.781463860839898
-24.222108613195505,-13.904907351389
-18.15425973090016,-33.85312426291172
-26.038098983202932,-34.79895561532408
-24.363318700972876,-26.472668613426762
-11.658190485347149,-22.146676120818515
-5.304117185907053,-45.65380817743545
-19.005075443719566,-40.906139368103815
-20.811358524020623,-31.834531071646637
-27.668047009637394,-13.225597209652623
-19.72105024459321,-29.830212782872835
-25.251095405480914,-19.027938414204566
-14.510226167871114,-46.349196088643524
-18.941790383006524,-30.205145032971185
-31.01461690869077,-30.29734787253996
-22.478483649114427,-20.133642350212032
-22.236620226126124,-49.827624568538965
-28.788004915899084,-18.464249925564054
-12.076996895769595,-49.269573283198504
-16.830003529826016,-38.33558524108747
-22.921555958896473,-27.5407907783314
-29.209026094076545,-12.815731353009282
-11.68544411139307,-45.764860941964976
-20.240005522061534,-47.09880300913819
-25.22472567195461,-10.86182845918793
-32.92242186009311,-11.72291613294326
-5.887245048881915,-34.997706828789674
-16.176538969100182,-36.349275866871395
-23.8853887571981,-10.805129913429404
-20.592230395953308,-54.22625404458892
-21.481278149893594,-5.271511522388045
-19.29478340641992,-40.839359531212914
-10.124668477423791,-49.290108227484005
-8.69152176348682,-39.54971387305469
-28.5890870579565,-7.8602572616763045
-20.76845277911037,-35.56607452706296
-18.037164572525974,-34.1179003423299
-22.22678518049491,-20.6526509951387
-12.943772217598584,-26.115027516303098
-14.383227600546514,-28.56094670289582
-33.36026713250233,-10.365750874996918
-8.8609166249418,-41.806555585130035
-6.1768066483359645,-44.4724046277746
-24.293439281300415,-15.895082462050635
37.89150503550194,-1.4126476340338514
50.082392284714686,-5.8867547124253266
46.811755276892164,-19.11189986915868
47.19223521265329,2.098501661776049
40.55594209179812,-10.46543405155569
40.91766815373614,4.143939995127341
45.184739240432606,-12.038998717580345
41.543713409136515,-4.791434177948826
34.593973022931735,-10.192670595278068
46.89980349476575,-4.8662142952619085
31.283563174214255,2.208383202028342
42.36473749169238,-14.563488187102694
37.893367957974064,-10.95224751718598
46.121579256389,-6.706033372259394
43.93556217038883,-19.682353686140857
52.91707670576844,-13.337297972618947
34.94719760270672,-18.677952554702642
45.572548939455785,-4.2896147809927205
52.04144921831192,-19.490336606700758
37.705127200792184,-0.08337786362932476
56.13817380074351,-12.44633214946409
40.01999930794519,-4.475359261289844
41.03122159812012,0.23073697183991143
38.405836412511164,-3.065909117970761
41.54147521238114,-15.453733316982204
46.85758888262284,-16.206129374200295
43.85477177043028,-13.812967282677691
31.74924846052914,3.9077677385942464
45.76776995960826,-1.909673818190963
42.90370424292311,-9.290947289444505
47.663192026418756,-2.772557773230049
51.98000714230432,-7.641698442171125
37.183561025910066,1.6905777836390685
48.47964877117912,-10.83241432158568
40.529936524690285,0.484006049282102
34.78180279905385,1.8450724112443704
31.898378040151268,-11.332323777668298
32.535120584389105,-10.978398477472869
40.72959736634149,-4.867762923518152
35.34953351963427,-14.052558265621073
36.912258281704446,-13.680797247608597
31.23608494447309,-10.346342364585588
46.84090925957535,-17.38794727844951
43.08919320408968,-15.201786787297575
40.60624761790344,-3.995035211561689
37.385343559218605,-5.566079102905999
37.67487707354327,-14.924425769271412
46.02874055933905,2.9373822723941223
40.61638769235047,-13.287473956176415
35.82199810510223,-4.425991524962944
45.6405077166238,-6.555347877693071
48.692576969379644,-7.000221922039718
39.7726115511738,-15.801278270421605
47.46319030351034,-14.889327659104357
35.93956308517013,-1.123166094556516
38.306214925065085,-12.111804621328568
46.496310014758066,-8.688585509842769
36.36448684188023,-4.900994246155207
43.89733109880623,-18.440714828559212
49.985669586247106,-10.388462392175688
43.3031067241413,-8.176869234874967
38.07994866062534,-10.195820335836558
39.77278072543239,4.324431452119115
41.84788190159793,-1.5341722012060288
35.28644743908847,4.2260936116696755
39.72370441214405,-1.256032677713476
33.87161902063386,-7.031530587547392
48.82874780601222,-17.620365838784352
34.6078876577409,-2.008210022530216
53.3030229872221,-20.154961159764817
53.00241921176169,-19.22489158685427
46.19868051451309,-13.168122433439327
44.75569223663268,-5.3745426403479915
48.734116339947654,-17.46364277803307
27.27353589330088,-6.845328007040424
54.973980099878425,-13.372151089389886
43.328227834857714,4.684259838915928
49.19403572859382,-6.681757046284377
54.54842431755976,-15.362763429479962
47.11010060359814,-14.005893396007018
37.24960875039513,-10.86451008628702
50.83203647526955,-20.84183914096496
40.28775757389342,-9.20286827855164
42.58473050181822,-14.828204820243974
35.971970521397026,-9.796382382259532
42.47362063642794,0.6457712045838376
52.92689986765105,-16.87248034202813
39.20435083664415,-11.857661013106386
36.62926389535439,-13.702035175667735
39.10518029425158,5.145794852745322
27.75505787658829,1.1899424641956937
39.66050069381062,-11.391897046884093
47.6285236624528,-18.382677496935095
33.06217657071056,-1.4707914590084223
45.56353173199553,-11.27410028420679
37.68672660808015,-23.087015920394176
40.932567068645305,-16.67958462860272
44.768123655938105,-19.45569598311505
29.680961001997847,-4.322108889652117
41.69841139819429,-6.482620671750379
-19.53912777598074,12.096282301079576
-14.464903756843661,-9.39163912978446
-18.880265382629045,-7.619836556383887
-34.79645096857243,19.691803161047627
1.9816323975028767,-35.30859824731142
-28.58186396284513,24.705181326811477
5.225303256771816,-50.36504152397625
-7.946448602600186,-7.668168709584471
-28.839506971665983,13.025959038721549
-25.598363339568824,12.057970943486266
-30.835088495723433,24.52596254037947
-9.729767708569007,-27.2122090522539
-26.61466736720562,26.71498112065453
-26.734974263751578,16.028422308556518
4.876683343737123,-20.92158510648087
15.251224624353009,-36.282781744988526
-13.701581013940656,2.1077682697705016
-2.197895175708792,-25.58466288166785
-26.744081977256673,18.23365150345759
-14.147597768499844,-6.799057002365533
7.346270832393796,-41.78202358104787
-25.801278919872498,27.557910468199438
4.780325134258571,-40.915559493382695
-21.617485655621202,5.306807071341548
-0.19384438014936387,-29.357470115429955
-20.954766647111285,24.3410272328197
-16.9025016975986,-8.508777543757214
-1.0326259467264494,-13.442285865090808
-13.413387247602826,-14.471199010969878
1.812125034470537,-23.040566117507517
14.06384366419643,-42.514974115302216
-13.719288043460951,-8.986625906167694
7.247798957013532,-47.90894685998553
-7.559259969466798,-6.9036358725058715
-22.801861419207732,21.54544896335122
-23.31218783754356,4.923162538141351
-26.90809953807858,10.659805925401878
-16.280384791896836,4.360277509420254
-9.474339110755487,-19.071993160906786
2.3840113029085397,-12.870386141170107
-1.5486638735539677,-24.55220722939876
-32.28976769962772,17.765803328153932
-17.75764717445224,5.584686931508954
-20.279611722899023,-10.218117592030659
-17.435052375870114,-7.8348930413657385
-5.055051708942024,-2.202198779692866
-8.218805842975256,-19.24738830558232
12.809426495658327,-47.70829011866323
-12.301533520732427,-14.193635321249518
-13.231483783977291,10.997597833890312
-11.019098076344275,-0.37419056964226544
-4.336083956520121,-8.89248510144752
2.436421087815879,-34.28070006413842
19.01928599882957,-42.96469449959396
-11.931931613636571,-16.449259858147048
-13.290058670743099,-7.472112353688183
14.33098400714194,-42.3210664887249
-11.123882663229795,-27.65090693271297
-28.64526211267059,18.574279007911567
-12.87350199330629,-20.848678359889618
-8.794354967401077,-5.647744814945808
-10.22876184024129,-8.908504639274065
-21.021487850935255,26.0640524008799
3.671731265012779,-48.35385694759966
-18.465935321277353,21.30726956011617
-25.35977391408346,6.801052146312375
-15.211129498976872,-8.68353995373765
0.10478074803081507,-48.9686800178126
-30.000575105469142,27.22919680971566
-11.018445712204748,6.304603643655839
-25.030389439141768,9.110718698392132
-28.775906564930928,13.426318331101115
-24.892962147804496,17.25870263317961
-3.7471385332222087,-11.264331142033368
3.0704504327493183,-43.13899060269122
12.260011342110625,-40.994883534627114
5.908580014849834,-40.09207855070065
-3.9901212091099025,-23.124150252486228
-3.31419327330923,-30.08379745357448
-14.296146752158146,-7.460935366853824
-1.5539528653469286,-30.130503540474017
-6.6394333549001,0.8688357551056132
-28.65762272574042,24.118540503517814
-35.83409247618143,24.29057848545377
-15.404958837467795,2.0764644390182023
-33.652326735107444,29.80820318262534
-22.92735528707949,6.671514476441181
-14.340472104400247,-0.09333112737129493
0.4337107783919439,-26.373053039147262
-19.09713763735074,13.289045988957227
-18.25705422345687,15.447155762355893
1.0493379157511031,-29.84173911764164
10.192341992825138,-43.87620320984739
-29.082150137066996,19.691724247087777
-2.3601460328014343,-37.595951047831726
-0.8110728937911935,-38.86473545976868
-15.89563535643855,-15.961531490808305
0.17926472021353618,-25.68915111782672
-27.521532888513367,14.373850892981693
-11.298463254817257,-10.013278652461407
-10.354863236803347,11.823487361288688
-41.68793083753656,44.67462166416449
-7.417943067599809,-6.293261362520021
-30.158995684042722,24.696215933878758
-40.451792059983006,66.00983100523872
-25.14759132673032,34.864270977854254
-31.92366808510251,29.72557107035518
-62.03581121203798,72.03827517296524
-10.716934290479124,-22.21633055822641
-25.866217226491866,12.644304081983632
-15.550329525676384,-3.700045941764291
-49.258823455983226,52.36771001479873
-9.103922099233081,-15.69052362748916
-11.890078233244106,10.935317590061127
-19.084028796672932,6.709415169552361
-13.90947596662126,-18.121553563491688
-51.051777452433186,55.72370176761633
-11.607816897685243,-7.111053426967086
-34.25924990591929,43.425048491219236
-16.28160898739205,7.397026112594534
-53.674585899153904,71.63785854440037
-34.0508343701701,62.90844972880518
-54.93608111788511,67.68469055818044
-12.096194859384426,2.6945264499309234
-20.785474587969915,25.26397759146533
-21.800827179453854,17.97922530667744
-47.32664321731781,66.1499071670825
-31.933438410959088,38.41270091704167
-36.18409525842345,18.570968918653076
-36.32531639760344,58.908755063797486
-3.649199189530007,-17.021763944784624
-33.65182731132059,45.18010772539073
-17.642809249346833,-5.473133550782524
-28.444774360292072,35.078333771744084
-44.09783173375488,47.17897200269682
-50.32470382140507,74.54638928402197
-2.5299432451677526,-18.532217188018336
-48.57891190346637,56.764450413772316
-2.275611446521852,-17.662388655266856
-26.829170246148568,-2.159761019148077
-37.020755846843905,37.78603894322726
-50.75554057092553,63.425264799767014
-19.887213237095356,13.439544732354015
-24.363217459571022,31.405593479259387
-34.23738335679623,44.55777607481774
1.9143289518255413,-16.37951254508629
-51.87520888009293,73.45761633309114
-43.5881171263041,50.48780884257413
-25.740147800607048,30.235624021808544
-24.02858817651863,20.758074722646306
-35.641267713036925,55.422108120366154
-40.80605041614024,56.27368691356299
-22.512238649037084,13.82692192544387
-24.70163887776671,8.669550235748838
-47.05431697656878,66.45225482561489
-50.357708828256534,68.45915720535874
-32.756070335466326,44.36250877319751
-32.35032563123515,42.669452116448035
-2.494083607515396,-9.490383428123955
-13.429471006783709,-9.449029683289577
-45.49886412363949,73.41225414515809
-23.613917011095005,33.5582720209392
-44.999446694130135,78.63733502455888
-8.992854093962807,8.372599052949836
-5.337716374352186,-9.051742759896644
-43.577541190210034,71.80091106760193
-43.89802998772865,78.25661253673725
-49.10063368215917,60.98664749128349
-35.35415598789427,40.889428543502625
-28.83666250193075,23.752565639165145
-9.878012538809827,-13.225407311762453
-35.75229548538249,59.038023878378525
-22.907199070746397,25.12646212462124
-47.84428640938292,70.0193802034007
-23.74522028471372,20.85791961547513
-25.69592445101019,18.5743396938063
-46.55564714310051,52.18647191007271
-3.65844706170446,-8.600487250771078
-32.91405345732375,36.18845352125355
-43.579539330110194,55.656367582505304
-3.064037273504475,-17.167131811115414
-32.95511089145544,45.42455074242261
-30.22051410344263,37.04804597384496
-46.34570152656251,43.15045057482786
-50.14826939797011,57.83403691503984
-27.474134261794646,20.155936953616685
-33.1830363705154,44.00465808008048
-39.113912323306984,59.319993923270395
-34.19732830178242,48.48657981744571
-13.728088404378832,-4.375422788353429
-54.93940520072129,61.36048639266628
-27.337629713999657,32.24664379864668
-45.08199563717866,59.76558027663567
-3.78652042438173,-13.310935839081885
-21.827023524434814,9.168874307036784
-55.184328759100495,75.97405204076159
-35.51514562878462,54.3965104648033
-48.90810103965626,64.48270940456355
-38.687299585094934,54.82479655018218
-20.495726078841166,8.060640635592778
15.075324416010684,-75.08569386977884
17.94749963619784,-69.07126629620004
16.41482886230258,-67.97802685247049
-5.701173531123039,-40.638394985420845
11.18945405190868,-76.81038156977037
-7.265701775548597,-41.5642750999962
-4.772229457525869,-39.57248700864532
-5.06633946814876,-47.960784548342076
17.19608354817578,-68.29313871223198
7.088861964966343,-47.157953139210974
-1.961947789624083,-59.179743320776396
1.4527071548796593,-42.132488619512976
6.28227894224368,-64.66030985993476
8.39182993400459,-74.73042089458937
-6.795414539375885,-38.925753830409846
6.0407679606624995,-55.80906917138475
-8.34930766523254,-46.45681558051675
17.434828004592557,-60.73447855035494
-3.1343227446216977,-38.60245892713323
21.42616067391783,-72.24191166008593
9.467349304076851,-75.17922500002247
-3.119091056740463,-38.56977854293423
8.495084230115287,-61.57926085927888
4.078473743326031,-70.45766743358979
11.97801265445278,-76.11882472573494
13.868880247238023,-75.49310971069833
9.628211718280713,-55.993872107669844
-5.205401111973935,-50.60978892668791
7.40309296170913,-63.19802559996138
6.774085037744607,-68.41291424958183
2.2233710240780553,-51.34244119050742
8.906407918376251,-68.96866801804389
9.557094610941121,-76.45296641938023
10.743001490703692,-53.06324396358514
0.1921811230929455,-53.92730282482749
7.22932395885587,-66.92363475716927
7.55602014057481,-68.05107245674168
2.4205574684947186,-44.460033809599246
-1.9779905749901452,-39.435813768458296
2.15485368281786,-57.67661869714785
2.136097821627211,-44.19327031406095
6.43159345422354,-71.57055829160292
-4.619255586553117,-50.80420129815845
-3.27987208113785,-40.94729438387916
-4.687918323916582,-48.55782500246041
10.024258517782805,-76.92356328804223
4.018894772774313,-60.24473120027466
4.434187505183231,-52.6081906734885
3.1237956524689854,-75.86417585421113
8.463041055818195,-43.36774876421301
10.900522551270937,-52.76134101020072
4.491635707681565,-61.9093589650773
-5.493581110017988,-42.63373646969251
5.191404545128434,-76.31432055630621
-11.185724434706374,-46.56208692366862
-4.497817776985874,-62.73036132592123
-1.393393081316759,-55.30157834061996
-2.5705601015200945,-49.34524595301112
-3.7039668876765917,-52.65995677629454
0.734735731403409,-38.768372912365294
4.585204522596932,-44.092902491609365
5.549275709525491,-69.6837724714066
-1.8343134600446203,-42.71525866504434
0.2978409943507577,-48.7063903361972
-10.008232767603918,-51.5918025105961
5.437267339138492,-67.88913604875017
2.507996439483326,-75.85214524472829
9.831768741914155,-76.03274459807741
-11.297147588058696,-44.2682893831398
5.505350531554988,-71.60566839353123
4.365921387240311,-50.128424623144504
20.19321231920815,-68.17614177261
8.594359252782683,-57.420051101946335
6.916694271389782,-53.27526241723856
3.315397329241971,-69.73998022170821
14.99860390496296,-70.747449229591
9.127718788670766,-75.33881138681866
-0.14132644474527103,-60.256619040300606
9.007329519532629,-62.566233901720445
6.795025128542506,-56.111675122914306
2.8840084668122556,-66.49555122745605
-0.18989955822583504,-41.91703460602708
13.167187273953177,-63.47774791379252
-5.092482621946374,-47.99202554807028
12.663552110297672,-70.01944005912823
5.637563995298341,-59.70168375711757
7.289034087059692,-65.23208755895259
4.619431098675762,-53.62833152217315
22.417801553536254,-68.35186173358707
7.2318064042594985,-79.19673016773787
5.1915791041683805,-77.92836519420277
15.835374258903682,-73.54468576624076
3.858919227855382,-62.906114928669524
9.256828781361929,-74.84227377012907
-6.366738142476751,-47.340211338575706
17.75066235260494,-63.82943366386822
-5.653379975838801,-42.81356003743165
-6.067512022380595,-49.939375444915854
12.516872869754044,-71.06140823974515
15.564570884070575,-74.76449437570682
6.918955469582236,-52.25066448852957
15.41985341316717,-66.85737340732773
3.5483746551176774,-52.4589847491912
13.993933389143956,-70.23068182878326
8.936288411801337,-62.27260918868903
17.85412668734878,-60.35213794330464
7.389476581635643,-49.42228005893481
7.505934590896814,-53.1356109308654
11.89542698428367,-65.28018188251723
2.948117251157998,-63.13792534955964
-4.327261827930111,-51.37135618790905
8.132905927282467,-63.09865703618661
7.225572716537246,-63.85518192059356
2.1438641912748007,-64.02814214197598
7.401800548171564,-70.89556576029395
16.332156645616134,-62.32762574323211
12.719142222431294,-63.006255459865535
3.6623496940306715,-56.986014246429924
3.5673758456071765,-60.11623358081712
1.5620054267087025,-51.30291583906155
9.60382988947841,-64.09839121656829
3.5342104134513046,-60.247572343689605
2.120187534341505,-52.11644384362448
5.284164976482362,-71.57406909065007
1.8999951956973808,-52.41800451526578
8.334066665384507,-70.53420788821253
14.535336359270062,-53.619171156489486
1.6430448804093265,-50.617436682564836
11.461985545195466,-60.52440635378324
10.895834980703386,-47.763531935059696
-6.051115024199273,-52.239708804527574
11.928840491505428,-57.569048964243336
3.265499868964339,-59.97721708213943
7.594711446561688,-64.85605850501851
19.694105020461055,-66.32405440419578
6.0068004301411095,-54.549897745720486
9.347323963270755,-56.286172451717114
0.6112300352381934,-66.00693099597574
-1.555266098490449,-51.231723986580306
11.296774952273022,-67.04343053552745
14.470459819646155,-53.00511358655002
4.677896062252527,-49.3642456338968
14.415349654375548,-48.08267408321928
0.9830743991649677,-52.256440674704606
3.7558650529207305,-53.234949180281774
1.3313566411093998,-61.9590564028456
2.76156255525856,-55.554865359138425
-2.989252240063058,-55.87078951460047
15.144068232436114,-49.52963228583693
8.15715943901554,-47.94702753779528
0.05960921774226429,-56.64417825579732
6.665089838054718,-50.585363276935105
0.5891344606387888,-56.29701667170472
2.073510340146893,-59.24159858683372
15.442925122399458,-65.53766755614777
4.55962469502557,-65.01678861374565
5.113922149730341,-64.19561072915378
4.957457677761979,-52.46373943601639
10.677772876173547,-64.10240007012172
-8.902836913095731,-55.33431728965872
5.765279264970995,-64.55619759829413
-1.3598388925914697,-60.17844907273861
19.060528003877085,-59.54990718843466
9.461899568347487,-57.34917223735328
7.4787995447849696,-72.48379927072018
9.647702199616203,-68.99566033870542
-0.22587769145037054,-56.12882130598644
11.058687818129734,-70.43895821182048
0.6169376226592626,-54.81397789531262
6.106271718540091,-69.25620514976347
2.261696538457845,-58.485869374029
3.153298410137352,-51.44287569804939
-5.47287117550251,-53.703126705163235
-1.3990916251718468,-63.248379716689534
6.1895721613104575,-66.65157861180855
10.975969651294811,-63.959309759922355
5.284285936845119,-69.97096681614187
1.138179077787908,-59.19018640432223
7.3016709905304475,-55.18434360879914
0.21946442939935404,-56.27446630504927
4.075100985681851,-73.15326461930509
6.29609860690024,-72.11607921096304
10.554103209590295,-67.85936749935891
0.5491872641913236,-60.03376936008927
11.542522112325496,-61.90197125726503
4.200584033820262,-48.775305283691964
8.033998944686134,-65.21702722798582
2.028828599845035,-66.33089592567465
-10.771993720537894,-54.23899050002967
0.6620094917952861,-66.90534074802683
5.268976860519465,-58.448828409558416
3.8542836904548468,-60.76889831822941
11.947884784860184,-65.08302634937282
2.811518002185949,-66.54867753457872
8.27749259447315,-64.36830460166857
0.44892048885777824,-51.47729225691767
9.042729812509924,-65.04105572527875
7.7417226057530355,-71.42803974616788
3.4146063402800193,-52.104207419136955
4.396935766748816,-55.725218377750075
-0.9934781637644118,-36.65316609874092
3.8760350595197366,-40.81572209292545
-0.3302890174805075,-38.7514898312924
5.8938265636149705,-32.139112572756055
-6.030398016294765,-38.81134448250086
-5.418831839576669,-49.51270958715599
6.469569397674549,-39.61570313859517
2.5299635049947433,-40.66798873330838
1.4441602685620165,-34.655738617698404
-1.4363749213837014,-34.95315335051404
7.429517172449047,-36.30486001473217
4.397179324154181,-41.57755580216576
-2.2772646780282892,-41.832493553064225
1.167911802539307,-40.89135398755654
-7.46738333735535,-40.93915951767793
-0.9130593277322787,-42.6179240782497
-7.821377604849509,-42.816683038522896
-2.142184191242682,-39.631159371840745
5.275842908709827,-35.17066658594015
4.750926850491303,-46.76850910004599
-5.737881482251183,-36.16305741215252
6.537665237795011,-31.37490850654913
-2.8913955978309054,-37.52219945729037
1.112839102103615,-45.96099076811496
9.584989684949285,-44.77614643905644
-0.18391822564846588,-43.500572323043365
4.442368017239388,-43.58123033852367
-4.24924687137535,-45.1051544006999
-0.12178078145184229,-39.35704699571997
2.497594788628414,-33.45080020262905
8.140220387399848,-40.88397284079381
4.198284938161565,-38.35922463742278
6.278054199817366,-35.12480623340676
0.4642158657816262,-47.20111858149087
1.3799877055346825,-44.17100923251996
9.115658582276984,-43.82204962084576
8.911509729312217,-35.857666350047964
-8.67837534835265,-37.97504380642516
-0.36381985299443015,-42.62837618180646
-4.087979314605417,-34.95356415554704
11.116818968300294,-39.13046282845678
6.3890155218439775,-45.766242547447746
1.9281332851693918,-36.25839594814545
6.942228855337084,-41.94993546039869
1.800989107780522,-37.1049101865457
6.615204740041598,-34.64341746837151
10.652059517485755,-42.45801937431897
-4.580294540991959,-39.77097322605608
6.03626426194423,-47.88242140055415
-2.755871979300356,-37.23057136145193
1.7734115364613396,-41.201661181000986
9.764789999694587,-34.47502297678344
6.692357699620615,-36.32510834323034
10.255755840237134,-42.67662522984743
3.178784774661423,-47.86383525854113
2.1981311392999645,-37.490173621284676
1.432772295807906,-38.589358510939604
6.581454849130826,-36.49152676635098
-1.074676026578117,-46.6975458669966
8.309726127079117,-45.20868517408993
4.7704427594482635,-40.35443463748581
-2.8113697819087213,-45.62580211457101
2.91244272243802,-33.59787710532932
-2.7462212362556158,-41.24927824641743
-8.582965213788167,-41.117943386038505
5.9269714809252365,-36.58760179907869
-0.4885795399854974,-36.00280058477475
-1.4475292934290327,-41.89709976779289
-2.328494349805757,-37.06621923743783
0.962207742556359,-38.85231886213095
-4.60473382269972,-35.93481610108182
5.033740986653948,-34.939560397427755
13.014065893499811,-39.8862824299081
2.2376597669892995,-44.67672902148001
3.5666330962981205,-38.40246236517497
0.9336911329271715,-45.6106240430328
-5.6895071611294785,-47.16038481262497
-2.086365104029821,-47.03721489040516
7.083409074750155,-43.92737685401421
-5.853120069198258,-38.4916267878877
-0.7969390611722149,-38.93077430505329
-5.2514186520927915,-48.512962778021716
1.1047703672378175,-34.90088625635926
4.479168474004132,-44.25097412100594
7.913228419230255,-44.15609035142793
0.7434778079969397,-45.59776513883084
-1.2862106236128792,-40.03203539674945
-1.4553254876163224,-37.82661792661487
7.47156217370875,-41.46641479109595
-6.229097360125375,-35.86222288209265
6.970662826571803,-34.12040887348342
-5.200051555437677,-48.17169018949277
0.8199331602802192,-42.947113875980655
-4.076857363341354,-43.74604575879039
-1.0955266649934583,-35.71012493001761
-0.1419437395233314,-43.67345220082028
6.74910165824532,-40.66928847627896
9.103436236494975,-36.05799298789828
9.242841915575923,-43.500037425555284
6.164221844668918,-43.05721213303865
14.702729925742613,-62.03456368320049
15.384776061536027,-58.69194136208493
8.765233017239144,-60.68974736872761
17.851491367330745,-57.647984577199225
11.215986301754832,-59.9814056881708
10.875190998104745,-52.82209514791726
17.272447176231367,-54.26994712077206
13.164928865210012,-55.53329366665734
19.78034625209714,-68.15056263668261
16.341263157470674,-71.25029828096328
21.04491050425218,-54.15930619705894
20.932617251998945,-50.50781979465935
23.092856929768935,-59.90318571844224
21.654207761423404,-52.58675732475981
15.078351773812281,-63.22331589602906
18.227009741783647,-64.95074454321413
10.103538636129949,-56.683040234934
10.923959258928374,-53.95802518083872
12.718934863081616,-50.46946214944117
19.921589310133722,-52.4701487913378
21.64349380220296,-58.31971778432049
15.877174217660368,-55.17565380606357
17.231712718199624,-60.618704720838224
15.280766248020191,-57.358749352058084
17.721119047347802,-64.76939450848084
16.207592438907298,-56.61481358966849
7.089281528966712,-62.36486724600167
12.803190306913754,-51.9289271123239
19.57307063567087,-54.0495670405935
18.101461254758483,-51.211697948386174
19.568980244553472,-53.424558314001025
10.635909928488939,-54.9104803547936
26.277799492838913,-55.519335793088736
21.60960136798963,-59.14225443255977
18.896212887940216,-54.24359411120034
15.80733041392681,-63.04331636587462
15.053178870497662,-61.43072454252409
10.70932351180574,-57.72523429590867
6.003488128763697,-64.17426833996647
17.52275965739649,-66.76659673504781
15.529830913735942,-56.71919407789337
16.154928002391348,-62.460666555224705
11.665689520485373,-60.95074962071141
13.97385081376201,-53.257357576475904
5.295059032136315,-59.67246267129287
13.384787750044445,-68.46329099264798
24.924546599395494,-67.16222392042546
10.878048688144334,-62.21361058066366
6.8685937626282865,-60.28853842776587
18.070087445780057,-69.69523364998759
24.459097618794196,-57.32272970032958
23.47502035330817,-66.73687142638573
13.379917249815174,-55.690731622086666
16.451055408026505,-48.82038848680566
16.444387541389247,-58.33006163779823
26.163666278697853,-63.15858671363656
23.00283137626718,-65.98322535703485
20.935154322760532,-66.3841391389682
21.84883008678997,-65.47991141312168
15.2639117865354,-56.743136070401036
16.46311973438743,-49.93449527874535
21.768369031767868,-59.523280485059004
12.495739857628514,-65.38041526143276
16.52173425661642,-69.64557792477102
18.76198587798421,-56.66038035139065
19.49174759313327,-58.28252213991213
9.425245845810968,-53.29404692929095
19.168461948174436,-64.71126083710281
19.65486820438031,-62.129588942481945
16.35758092515417,-68.29810475764401
13.189202468587522,-53.674142771980094
10.377394070554935,-56.97452709550035
14.311186522312664,-58.794533195344876
7.355437631066083,-58.492864079145555
13.425537650063097,-64.98881655055102
24.91379749493441,-66.27124706693992
21.8601736445788,-64.31897720380017
6.731073635701291,-55.49437950935444
19.56641105105121,-57.38335234206062
18.811853547545,-60.23789837919944
16.127204712066764,-51.69442048974544
10.244184360970555,-61.7183176154033
14.185744319643167,-55.92409719374935
24.759919547895713,-65.7841633064904
6.900996621997988,-57.891394069394195
14.633445489652635,-58.44043028141495
13.160649227021366,-52.37601490383065
11.677413383460037,-61.61044686093844
19.9630369200597,-62.24377829784612
26.429319403470593,-65.3713722433236
14.73519354858047,-52.78694194992079
18.25915827450771,-52.535207409610464
24.665128243806166,-56.38621293958194
10.99769720059894,-61.58016394060012
8.851005259363141,-59.30392286854782
8.186497643185152,-55.17036301384473
23.232996303171813,-65.04127154085748
16.51675321386357,-65.1747631870548
8.77772370876713,-53.927668450941724
16.21100061287505,-63.958283143430705
-15.324656790172407,0.2550944923423453
-17.683220524687016,-5.067237170809212
-12.852984814954464,-8.955330509920486
-22.717594970325397,-2.9361570287758827
-12.5000291937539,-1.4653607204632035
-18.985501720155845,-2.5854736863133523
-16.956100911663352,-7.355258058032219
-9.648158854554744,-2.2880991617348254
-14.041212565330891,-1.8688413469318148
-22.231013762463476,-5.023319546826959
-24.295894929123747,-11.67733993454222
-19.090094408577855,-7.814819297297006
-28.132269680885535,-8.198395310813321
-11.839686958523757,-5.935373582929218
-17.686310304815454,-4.080587878355196
-17.254912489526934,-3.6157955633369325
-11.411825408371893,-4.708451175142537
-12.437043123318851,-7.554480652318517
-18.09135459949228,-5.348422894441452
-11.32260503326805,-3.8133789391199335
-21.99429814672118,-2.844231401320927
-15.685403028044373,3.214401575001781
-12.761528585173382,-2.4039119680475323
-16.28775113244121,-7.243865855192485
-13.080714618763334,1.1007439603780897
-13.730938054473011,-2.149995301148956
-8.03130123971946,-6.431571852798996
-24.15744066055364,-7.974210330777241
-10.710600428356503,-0.9557181280154655
-21.196628906275723,-11.223514570947511
-13.006387932494013,-7.329859912984333
-18.937087706453532,-0.606441760995435
-12.759936968909914,-5.7394644286670395
-20.74218774588828,-1.8855548474283963
-13.860362658876236,-7.314763830072707
-17.59040542016418,-3.5223690799036116
-14.574939081134243,-0.18084060540949393
-15.568289803491595,-6.571239139608779
-11.079600002864776,-5.404747994651936
-20.513305698006,-2.3120621011500515
-17.647902810671646,-3.2618298961193184
-5.861695485624238,-2.7167317856400017
-10.990671131064776,0.07522693977342339
-24.973017054065867,-3.5729265182219883
-26.749412377965122,-9.129755314642189
-12.680688731717787,-0.9342053655766699
-14.66360010785267,-4.453980333440919
-17.40396096709845,-0.08162485257217668
-17.37393047651128,-1.8598348210229683
-16.644148203998107,-6.922173799451582
-22.337869741451026,-7.250502878328604
-13.187552027293487,-4.284929275113867
-20.913647251384834,-5.640229622254533
-19.928609473880226,-3.6501634290468017
-17.640896499813316,-10.33099294207409
-16.906641044933156,-0.6656603818280612
-14.759803221229392,-9.830967926316063
-17.74837138784384,-1.6338758125995418
-11.513795413842335,-3.716558583486192
-13.56895223180219,-6.823750823536211
-12.210384987795106,-5.988352703479509
-8.01111417401638,-5.099967503757478
-16.494228099546188,-1.9337154707546658
-13.122947601730921,-3.724006071923121
-23.192891005941263,-2.05494222683974
-21.05230266005196,-8.33880514458245
-9.178284315248844,2.3383241515492132
-16.429246241435443,0.47821894059154935
-11.83064782651409,-6.466487755993205
-22.78701643911373,-11.319534338734295
-28.623874508831946,-6.250188674482971
-22.710148348646925,-9.758155087440285
-21.38217801772343,-2.5041660008092084
-13.979859063733537,-6.170354261692604
-21.856132081862693,-5.740240437802051
-22.009243252131796,-10.212907092066889
-21.143444973960268,-1.0493477107514775
-20.569495852618534,-1.4454377973044996
-19.14273005266291,-4.691846206220692
-16.589738449310197,-5.837295327099769
-20.868532206173892,-4.759458083309532
-11.802967173504204,-4.486083040027278
-20.155441952683415,-5.975134001381403
-20.718826633391014,-7.835886916245209
-14.303338381326862,0.4031579626054641
-21.04097460232505,-4.979395077639888
-20.960849302689365,-0.6843116404892713
-16.538408080121428,-2.9654110768854696
-20.14937187599055,-2.2112537335265885
-10.15689945438847,-6.462329767097329
-19.391327672437193,-6.74841860684073
-21.271703928458944,-2.9175607402043373
-24.031439632539463,-8.382900882269112
-18.451542084807322,-7.4769560286538255
-20.399511095541875,-6.3371127314846465
-16.259299750349644,1.9035371005393904
-13.734861535468012,-8.94400716932077
-12.510898617012568,-3.7345708778896856
-20.258368927543692,-2.2023134874233974
-13.857637934040529,-3.1031693034265584
13.725999495288383,-2.7633355781946247
11.159789468583558,6.482182961173403
9.834191654449238,10.377016576796558
14.030083047443433,-5.373915016960007
1.527363257108758,13.655802852165078
9.207285052063312,19.896056395132813
17.94456842059638,4.692018900591376
10.89476677296083,4.411001003775534
5.642160788261481,18.349108676175796
5.068689917255265,2.079443335029859
8.232001690742145,3.3188375725872215
11.652320570658226,5.221272949360029
-3.63144256694609,17.41709138804514
9.361503846468576,4.048254455581982
10.481079111854227,12.795085226770974
12.951921758082577,3.621796365643078
4.090350230946721,22.299094138634445
-3.8548127111430164,7.6084455234578945
-0.9769389502683506,1.7590341168759063
-3.232480515838408,16.89068554225306
3.449272338598083,22.490788258987838
3.9600284895968603,-0.02391210178734651
4.904225647937033,-7.633631946274068
0.9874217006076432,4.4293317359035385
-1.6602761551002958,13.060231040488878
6.836274392683515,-6.858228564969583
3.16642939135533,-8.780978529204367
1.787444865674926,-6.481433377668374
6.284466366507404,1.1459449022349093
2.6184357094940585,10.4396576326754
2.072111170016551,19.277273364598326
11.810110479327111,-1.4335155318558077
-9.96548582021725,16.242930240696275
-1.1056701698129257,1.7549521476526806
8.232373610423641,13.476657094666898
0.5942509856588339,-8.762520240698613
-4.114486414652044,13.00934896018299
-2.6008153004468344,13.116578047943676
-3.0275227345759723,18.832313145876288
2.946051172639103,19.746930621045273
8.323979401730687,10.349299486664247
-7.646855417372628,13.895123757023146
5.139680421488974,16.2102175305116
2.750887693407019,12.142879422273545
6.838411162465515,14.900650976467663
0.6643433164889041,10.524170766989037
-3.0798574317300726,16.514568957649384
3.4071886340961677,21.82258401242278
11.591457650799578,13.680206712969499
-2.8056535352684544,19.33602565592369
1.1022779931131685,-9.072402038656145
9.433241813830218,-0.046063118636281646
-0.9252983213079551,10.27395844978815
6.528450080722448,4.468822346717085
-3.211170944546633,7.703188608311574
-3.1867416881963853,17.857431149443823
7.459475795564471,15.437332260897515
0.6366657405517089,12.531837770985256
4.542003929307137,0.020056074585227058
0.7497760276557267,18.687473456671864
-3.1080424768985804,20.274480732527454
-0.3420452165038864,10.286631534339554
4.898063647858912,11.526073985929374
1.3396927873694204,10.047367601336083
6.33236928332335,11.94885201695673
3.698538199349884,12.924468119562844
0.60179311363709,5.109570397131798
5.501896569430508,-9.143813408025917
-0.08976639968075784,20.49939268233924
-1.647374035269614,20.679787439334966
1.969595958636707,-8.85764750623222
5.302936443418945,18.41348643173692
9.835422151841152,-5.479491947746732
12.718979829330632,2.3417990281255046
-5.870418767660913,10.815662675892636
9.38078086876909,-4.1244204435725385
19.03602189039258,1.861512303549708
17.467425210429123,-1.9706523204748339
6.611454418202955,4.444433953674048
8.061388551174355,1.0742471364827682
7.452324670326343,6.614241350051225
6.621331129968033,-2.949773349266237
15.24554805264419,3.916870034416032
14.14354313420995,0.0854580245515572
3.234569176446699,-9.343885364851781
8.304622508835298,-6.883604530290495
6.339196717801117,-1.1539817741024603
4.531731821503831,13.764885249867813
-1.5767219140270359,-0.625952231760758
5.456539644445348,2.004239771711476
-2.5191849729291014,5.105360526897234
13.462223047287935,-3.292184414070206
-2.1719780982854413,8.912663021639824
3.945351413917242,10.716565678388791
9.55478009043401,12.943334429905583
12.455925882533828,-4.069249265016643
7.559740422274048,6.611247820842637
5.632434136438692,-3.1293285723592636
14.159959070367941,-3.3414439992048113
6.284728021963075,1.418996541166084
-7.643476124932014,-23.30988761353921
-22.103827149432167,-18.058094014576604
-19.771524808105056,-21.579085750875546
-23.815507742832096,-23.643532122447084
-12.762171967243935,-22.95422318300204
-17.59706136014106,-17.79842190523132
-17.08471932462578,-17.784992964349467
-19.32235839390345,-23.87341524648898
-8.818922796429387,-17.06520601852237
-19.385331133108767,-17.641457583864536
-21.480513777402187,-24.189305276782573
-22.131403565876628,-20.769974315583095
-17.05740513087306,-14.922535342481813
-12.581033126371166,-25.206973585565528
-16.357205002744227,-24.419345319907148
-10.470787582426372,-19.514768924896103
-11.760294948026504,-21.596929839469354
-14.30608745496989,-16.822897557484414
-19.672926141274452,-21.678290770146933
-22.624897126449195,-18.453729907600728
-22.712543286892455,-19.44127204000301
-19.96499402571523,-16.11684361340036
-21.73052974276299,-22.793701979117063
-16.675477161348965,-16.472293887368565
-25.946955148191467,-22.1095354055852
-8.598675584748785,-22.886413489218118
-20.650568325301407,-26.555686648496103
-11.035750479754544,-22.47422061294361
-15.355800572981085,-25.462238823049656
-26.364481869073714,-27.964567398278042
-12.423300567650204,-13.445580290687289
-14.06485660350609,-21.02601132565477
-18.66723711698864,-16.576408850362093
-15.285159027550483,-16.863708807356883
-19.292577592418503,-19.71741540353962
-10.97921435851926,-22.888597137127626
-11.948033803217296,-17.74749411549921
-27.27544273357733,-22.486522951627077
-11.275278161505,-18.539195793092784
-13.223788248226981,-13.579176434656102
-3.96817931717699,-20.896843358586406
-11.710566022824553,-23.490161531473234
-14.61384222923793,-16.705742080920878
-8.562919116685041,-19.456412748355923
-21.883221156727537,-19.950570605912972
-12.271525438529338,-17.70678827077083
-20.18591708921761,-24.388987870810066
-20.165230925631455,-27.21039510350781
-26.16342025553233,-27.548134915229088
-21.57301886896106,-22.53008067311399
-18.399027624336547,-21.283109010139466
-11.34314686330777,-23.356796886430065
-15.8395926966265,-24.808903844224393
-17.045943102176203,-25.573229407554365
-22.950214189559034,-22.744587269185637
-13.250475244205786,-12.221598187763732
-22.26070558038596,-21.348414120596402
-26.37914490437013,-20.495685780541972
-11.394829583796895,-16.05524347855965
-13.998012738280966,-24.023816120424144
-18.539447919444118,-24.423925810885212
-16.12537331638056,-22.47133084891554
-5.3200048342153385,-19.743180603555317
-11.336812393456134,-19.209998357514774
-20.87401376593156,-18.616662208418045
-12.043109412530784,-23.2366348619572
-14.943848959674751,-25.407174093896685
-6.409762555712828,-20.81329481052104
-11.74013716164316,-23.412440290758447
-14.205221272036969,-17.294899194873036
-20.013400759866762,-28.123743630899092
-16.020567676557626,-19.881049559800946
-17.797336697836055,-20.42049375795243
-15.848928144321757,-15.450136295616634
-13.5127389842118,-24.56374235811693
-16.36584297779872,-17.285253902802317
-14.072706107013314,-23.890197908041163
-18.80057922470779,-26.582636990382376
-14.941987918585871,-19.377943275118795
-18.616830971021578,-19.99928514748769
-12.266253842883925,-21.568568150466422
-7.092999907980817,-20.91475755173945
-18.688458557689607,-21.33004114236753
-10.68501056560668,-17.009030031203615
-12.587744163119217,-18.64870875882615
-14.636639336492921,-16.011140165683724
-18.751348744607437,-25.482861940613162
-12.800524547222874,-14.794790396882881
-18.05602438915226,-26.58960595628558
-21.701368279786024,-21.65833509955396
-14.563026411080545,-21.243219572430654
-15.51101825968753,-26.002463590748842
-8.631082413055918,-14.656435511185322
-25.535972754259863,-27.72616394882171
-25.600368973490372,-23.106505012951292
-13.72186437713471,-21.78454998549566
-21.83352115579689,-16.796730775372982
-18.03530345626846,-22.333295298772683
-20.148861445116896,-25.082349453667252
-14.14734611204463,-24.20708635026029
166.24088682621215,42.6040546461231
180.67822727178583,50.53249628528609
170.3966225289728,46.71843551175924
162.65812621841494,41.2374215127126
168.35194344537868,41.83710203255223
167.85879606786673,45.832278047845655
170.5036523470252,45.03384748858149
164.1785703699446,43.84945007258201
172.82252334010937,44.660579254110544
172.97893463384554,53.02990638580673
164.03203782758823,50.30443851227124
180.62339971452508,48.82272118342194
169.55580701228354,44.52757983583469
178.4164443831223,46.774522764013746
176.67769916336567,48.58380928715524
167.5637649722289,49.74307711646693
176.15812947243188,49.165128447688936
178.49507692289723,52.262765059106904
162.51180658585537,44.0565015154211
180.04499633479918,46.538814719180834
172.33648825293164,52.09309266439273
166.30141764576126,43.32418606410596
166.84901953506028,46.101457118524166
165.34526143404761,45.78300721915455
167.6421914173265,45.782968551137564
177.7807220188394,50.29143060057514
172.55259869601682,52.0555571985907
169.6218604968857,43.21372607239664
165.09558164523497,41.029756695152
172.16928817358468,47.80655933050568
170.8183432507316,53.28545423543169
171.0381398638989,51.05354219713618
171.25166188292752,44.92413674103068
179.53467433138456,47.4586693718032
172.503283573251,47.07150900132999
167.11249386700072,48.710149583979266
173.18948738718254,49.191703443027066
171.53500124318086,52.82172585441885
170.40940164812324,45.11057814886698
171.36725225736328,42.88299892922259
164.51919778813215,47.37282230439123
170.09691346800395,45.29816523326076
167.90999692761372,50.77594852852451
174.4936678290046,43.16856735471321
168.42270753339236,41.91328099644009
167.24372713995697,48.391700480914395
172.6608080328371,51.48783129799717
171.22559988922617,47.66483840179361
166.9262425400518,46.384401731837194
169.90639353395906,53.8179575198584
167.3414114468823,44.39003476730951
180.70970338942027,46.74798359226265
168.69964391068248,47.451951029932964
176.5821029925624,45.61682410177616
174.8569918223877,44.714126011736056
165.9060658894029,48.318621200990904
165.69566010874857,48.44984753920999
159.99856863452717,46.48791197323817
175.436764911909,47.15876440706589
170.57195483320814,42.856373772622945
173.05258632501886,50.5719618656443
172.45765301146352,45.735681119169236
162.36829023674275,48.817762110698354
170.76766077875098,53.516233571347506
173.07845120208262,44.03794340177858
162.22522511423048,48.90694822815352
162.92359999443556,40.90782814697388
168.4437797073117,47.61707923570222
177.01881967960597,47.676706274000225
160.66838183235728,48.18816363613897
180.430464443257,51.7737694662047
164.36986614492187,43.90932136837477
167.79158559153302,52.603703604144116
168.5596182993249,46.939091083265815
176.38783757663444,49.43975880519129
173.0750684775668,52.91146392317993
163.41779244011167,47.136587979677685
171.50264151274695,46.822080207119086
167.40336688610586,48.675930635466024
170.6389624853295,48.868756211214546
166.59877383296848,46.52275145489754
166.05430776207092,50.6614147589844
175.48975666216896,45.36369399791795
173.137171375461,49.342365951171004
177.71227625618033,48.28397682520402
171.04969500100933,47.62079663469323
173.44675346381996,52.83137821358774
159.79461681788393,46.366477600424
172.12383903878998,45.35124290669753
158.02891372114567,47.06239858073167
169.39205821939294,48.981502981456316
167.1503472847888,51.05205227044319
172.92215227806153,48.223464474792586
169.0242022032011,47.0239707296925
171.0363158614067,49.13424873274077
173.36543534356895,47.5164847415676
173.89508556630722,46.95538674853597
178.68352006260844,51.42023683784948
161.63442275073592,40.755062419996506
173.57643752679337,45.91760369015765
-0.4765277667540923,-50.52268817704056
2.9759229491308954,-56.06646409561043
2.023714516207533,-46.39431665845288
-9.602839117720835,-49.94581361556925
8.891632701614359,-60.50863852421519
12.207904198830256,-51.13075433322495
0.28494642813677784,-47.28056462642764
3.428115237980532,-43.611889170181385
-0.012976410378243482,-51.3152182197286
1.0992639497270462,-59.73328563472519
5.727554781103036,-45.14557335343374
-1.9379916720213592,-52.87750959342045
-8.562215887429549,-51.03251193758738
-2.5386449766347323,-65.51659681432749
-0.3993308229761248,-63.198361995301966
2.3746156685190867,-60.73875545727588
-3.1768012409721726,-47.69798884975758
1.0719475250553336,-45.500758162129955
0.37326782089121774,-46.21380876682461
3.083049641870536,-60.21490616198334
-6.109899005635037,-46.9872325059939
-1.2756226568200009,-56.33432425979514
-6.001504622228322,-49.854386561402045
9.047022740640395,-61.757318149581415
12.037190084133638,-54.614820619810146
-2.424291522134006,-60.6983017076961
4.461030574240935,-55.66394397073496
-8.047830262810363,-50.202379977224105
3.741549793456842,-46.766079815182934
9.338205423667809,-52.89809199225188
-6.6767043196707485,-59.72534180041144
-0.13226517362872342,-50.641653750258214
-9.05953320325776,-51.33640817051579
-7.535828314278439,-57.590883946309205
-2.2114140488210423,-56.847217969269096
-3.3695454345946185,-52.69282627116767
-1.207510089033317,-60.6918302454996
-1.7758101819124308,-50.552882717766884
-0.29252761314426434,-58.88084302208305
1.1265349346809352,-57.83655207982741
-0.6274562625788038,-48.55992369300276
2.80275808736263,-61.142010329664274
3.799019490515041,-62.87842229267599
-7.8942510305206195,-49.9787561752273
-2.1873308696532145,-54.3544182420375
-3.164736697043353,-49.05624051722211
0.5995873892326861,-46.371343967349915
-2.9116620067561096,-50.95552555402113
5.383824605375056,-46.63166586648325
6.060842541808854,-53.268994439620556
4.77199388901908,-54.37508346504191
-2.3676004597368716,-56.704388933926865
-6.1022483169436645,-53.609916911177265
4.77041606712466,-51.999021822050054
8.795127625448798,-53.96433459815607
-0.124433214598206,-53.25008990436792
0.2980205069855358,-55.46886013620527
-7.539069978632801,-52.905163161771696
-3.7555757672814103,-50.439834677994085
2.0083763099107697,-53.209154278429516
-1.3865630491527263,-48.78329219337593
6.404507872334599,-57.71158074105116
-2.4030525769929114,-59.71058840813632
-2.5755632382663958,-61.03629686746466
-3.6497847596188615,-66.59168875254676
10.828570272707482,-57.53389682689423
-12.063045353318088,-54.70472350922309
-2.47914620684933,-58.83983906634385
4.7051534790804075,-49.99537834509267
-3.982069446344326,-57.23157160547815
-0.8606840667736773,-45.81130342167975
4.5791858810213295,-55.68931037032259
-1.8535113048512797,-45.64109961440662
3.168255227511179,-61.291709801237126
-4.759956607446284,-47.8719248330662
-1.0885418652860934,-66.12488355716005
-7.131504326073536,-57.757618346770975
5.137694795834705,-56.5071437194688
-3.4836027980944695,-55.19576374999382
6.629311934303751,-62.41937015773774
6.444988454037484,-58.22847412397061
3.187531218892719,-55.91320037680776
0.8593567998973655,-61.1207208388458
0.10548720478645839,-45.7095416283041
-3.956808191795227,-67.4301598157369
2.8617676831507097,-43.75877612460988
-6.043085086052263,-53.633667274324296
10.27049528504622,-54.3672107618653
4.5136448735081975,-54.981634263725475
-0.4857701900916599,-47.259240821111696
9.38180714075525,-52.32774118073397
3.1092335015259995,-62.44391303706743
6.632144323619763,-48.12093638538409
-2.8779439530902597,-49.9160080838454
2.8497420004029785,-55.59274228321517
-7.174601168373448,-49.43763043742356
-8.915796373271586,-60.86857837124831
5.280134733510346,-62.302681400885824
12.521727049158075,-56.79656026735008
-6.17918762358301,-47.39490472018734
11.292728245518214,-72.44206058958659
11.331961017902879,-74.73792042271144
17.524678783626843,-76.53519625272142
12.1078458790892,-80.26064858767336
11.234119073451135,-73.86558054114978
17.181333166390235,-73.88696370869405
15.461528184164925,-78.02861672502488
15.042409244495294,-73.4970253203244
5.740550828792617,-78.66235754440929
15.05635670548377,-73.20504436317763
17.024679228442174,-70.09150121172415
4.964852748208527,-74.58207500896339
6.232895662439449,-80.24529871510204
21.764609395119127,-76.94609101648767
11.57359344406214,-80.39336370589726
22.455075780242385,-76.4319720004076
5.810584111517283,-76.1608626860704
10.834485803393186,-80.74709421838699
12.981490977543533,-75.29550177211895
9.216664558210157,-74.23239267140914
11.331776284109367,-73.50301993371899
9.57703981467742,-79.0558513229305
3.9036352498916127,-77.30327246587036
7.8103121447405295,-75.98142696843558
16.776876463160285,-79.36294860733474
14.47402597833633,-74.95476704380809
18.06442176656598,-76.15190949679982
19.119714636939083,-75.56228836915332
18.255098600268553,-75.9318715257989
10.531664555967646,-72.31692413027633
9.363294152019527,-76.17072473339364
16.957206093672198,-75.41346330864869
15.76018878521055,-76.109716757911
8.678470813278203,-72.83989241221454
15.736991604337936,-70.96137200706427
15.019136227673862,-75.52283276437171
15.800004470014313,-79.45943976924309
-0.6070737182457083,-77.98615146363815
8.414898900650263,-80.57664094605462
9.955621749822999,-77.16081651971174
13.927415245506134,-74.86033490636385
13.704696951043974,-72.94315451322322
9.67463366410414,-77.38539848447493
12.966348245880564,-80.96104797879201
8.739398074490246,-83.17033806418418
12.29665825221059,-79.43970884529762
14.503955979903317,-80.14898361691542
15.58788751938959,-79.12958639899271
13.059014826347935,-74.85865828734734
15.764261766609264,-76.78996406826388
8.034918205690087,-75.18126615315008
8.528585478810111,-76.75313738845267
2.8869325390918483,-79.17650237504994
14.846626958082592,-79.24174078337481
13.881472422199305,-80.85960228236539
8.058567778916967,-82.74960329967276
2.0581375539191145,-76.07314512642182
8.976590436899464,-77.06606704808081
6.02549770519686,-76.15990452053829
9.193553081361904,-79.13029179195857
4.189026207991572,-80.77364268939287
6.165754960300908,-82.79002118736521
14.415328539102308,-76.58038259872733
21.01755014006445,-78.34008864149668
3.6727795773393495,-84.31003789782736
7.564992605642327,-82.34688266651092
13.026725976784478,-78.59435437620455
7.356532534024816,-76.27620166255723
6.187861284102487,-75.99463286892457
19.191565886845417,-72.46064147141685
9.960445933196826,-80.90756430880944
12.893874177608241,-78.41209576534868
5.1206337012571295,-80.83810099396236
10.284411082336632,-75.56834592798145
11.727386768316657,-77.40611979198941
16.9976092664085,-77.56755146403457
17.522718394546413,-76.22798541945104
11.904346336189779,-80.79070013073702
12.768412072644233,-76.22842448415257
12.867781466288587,-78.3976188599849
20.683741963984698,-77.50016071936663
10.115175490990026,-73.56189375487241
13.205991392671503,-70.43267927385001
13.751551115296238,-78.86780441673199
8.998884637632788,-78.8168705398205
4.333272701543756,-79.83404678097574
13.831411449988622,-77.19229413132962
17.99311154289518,-71.87087255590346
20.126586193113596,-71.12432292618296
5.317958256913149,-77.396931123246
18.230434821309235,-79.51111711465019
16.2317316339829,-72.76463822898478
5.151549242741771,-75.31652394360209
2.095443687971771,-77.00777180595384
17.02005418460755,-74.87683677326501
16.031365733069,-78.92365424131003
16.857399549176215,-76.30812424188377
14.641561229623074,-77.00935736681768
14.580475486261467,-77.46145460378052
13.148008723113403,-75.94397802629113
147.12128330195074,81.92647447496367
156.44435516144526,89.58672537779044
153.33026256724168,91.01930866662087
145.0670149880811,93.26408137600427
149.581717500158,89.31517101090225
152.51113994114462,93.39200783816412
160.46938037960035,83.48907641221112
151.3766810327349,94.82087423457327
151.61289007888973,91.30769364688048
150.82776335363272,85.08773588857441
146.10011532869356,77.22601385140746
137.34380378985995,92.33073764027728
155.3234072943988,83.10083645750275
159.26394578179188,81.53627321530335
159.43709925103101,79.6560158424539
158.53754336971235,78.7421183176079
154.4305602607905,79.55043850548637
151.93723431687093,82.70583747352399
145.82897624915677,87.18731444798193
159.09762123892307,80.3618013766333
153.15951880988206,83.08180518200223
142.8590736654265,92.58911866215071
157.9497857658982,85.15501043456077
150.06940983887577,89.35211883225364
155.5251569880378,96.11457760385673
157.3735021416951,86.08999831287447
159.08682290796244,82.00292740704326
156.22644408020903,83.55137375790584
160.2386723074593,78.99335333503635
161.58643909910032,81.2419674656613
145.33107377270946,78.2467175128771
153.74253241837647,82.29359785581481
151.66056756143988,96.47448936570298
161.80173941339953,81.75132260371983
161.66958788839563,79.58247908019024
144.77596958626788,96.16750214256712
150.2177515510896,90.5077803936251
141.7558208947395,89.66380853522358
150.1733660828401,80.36291200465573
144.32906899427394,92.16313711094186
146.6287673419582,84.02329361180836
145.79862734167327,95.6841652283249
154.7191929236844,79.69850077172846
167.8666583738634,82.65575318354111
149.2705983344124,98.04913909928409
150.04355760882447,90.85603112017697
144.0253433395481,91.67056608650681
160.96356960719075,77.95669803808727
156.16552410651673,98.69165258670947
148.82771447286606,85.35522658818617
147.1535183757475,84.01282032173192
158.34623774549036,84.5940976206024
145.11871527083073,82.80829733058165
151.07137027706625,89.00404046894147
148.59018416585658,96.6946601693114
159.5675508518091,80.77114817640015
157.05322773421662,81.5999767527436
155.91010049237295,76.33979546611586
158.84260092937248,87.23454243259363
155.15549853169742,93.39241045569636
141.63435379021044,88.34063650612761
149.2171122454434,92.09326922019562
152.06736452327235,82.63365646923813
155.5900156748658,79.26162046130888
155.17150778476886,77.1748665859431
153.13113886626772,90.56587588732303
153.1022513188576,91.64627551803586
143.3191123002169,87.36949033375099
161.04781330643206,87.97161931017386
155.1823473486138,90.15081232844649
150.44739517817374,88.83703428543548
154.52785409019626,81.43952127964913
161.31870534891968,83.15547551877452
157.6456218291267,79.95831849399207
150.19049822703943,95.42577883258079
146.43467367884324,94.400917862065
149.41169162496138,92.49157705067749
155.0231801545478,83.74903653723386
149.58278552174028,95.0935976098438
155.70594357961656,77.26037540131996
152.84258212291013,98.83809793379908
152.817739024814,81.86189134818042
154.0192048551451,92.4460591153639
157.28517596364165,77.35311730912221
146.24361497140055,84.72509212532368
150.76202065006345,99.05519533650678
152.9097028770252,93.41292057153322
158.22212336280762,89.90157976740144
164.21753339532094,92.80724877796739
146.4292444674114,82.46672619515569
155.24062120563832,78.33113194961318
147.94301382461452,89.5242281237347
145.96354835842143,95.52571007167894
153.81792181875608,87.42614184644054
151.69323712276508,85.50816745236966
137.3940828042556,88.53448078381072
154.8055306227853,74.32183339663929
145.35290718080435,92.91765151509055
149.86766510732392,89.55639283270044
149.47231050427422,97.710549898962
-39.04760212453898,-2.842829227046002
-43.83247089626908,-23.857807030487933
-48.525029572797095,-15.896029197506138
-42.887636383216716,-10.463212791625908
-47.77851013237023,-15.943867376061867
-40.564664754872446,-8.824796856449007
-34.01971187055692,-8.552618273846578
-36.956273656072604,-8.209493775815705
-37.68222290214719,-15.597180623874433
-37.93374299378271,-21.21272411830773
-42.18503548988788,-4.9579528787941305
-51.40521449484038,-10.182613117679836
-41.47164111790926,-15.389808285740855
-41.81248337467405,-25.210167284503168
-48.1625500630913,-10.085738469697084
-44.961537463545284,-14.421765453391652
-47.492745584208116,-23.528227965698804
-43.021102183546176,-22.95023885589251
-44.89785824212535,-23.07389057450788
-46.61984120046239,-15.48979097928878
-40.01954980915456,-23.77971097725681
-34.65862290285039,-4.847887698372979
-42.18698116820583,-20.49300947822002
-40.393252981560885,-14.312685510581963
-47.469128255227226,-15.518700739390843
-47.1206398387817,-9.83576098989291
-38.64538942509544,-4.592877837177243
-47.80314177794353,-11.497978981508021
-40.16654253277628,-13.587671853322377
-39.98374399651632,-4.036838111586456
-38.66117450563778,-8.65719605485718
-45.832994796089814,-7.941021631325841
-42.5256327286948,-17.30969429872802
-48.00251655512252,-7.318506227558824
-50.12335469629617,-11.465672713508239
-45.89186104804494,-10.071157656985644
-37.44928548728005,-16.705961660449077
-47.00250016814569,-6.845116529450143
-50.604104065280076,-15.972683437235577
-44.83043467826958,-8.680693864462171
-29.885801390241937,-16.8783048093338
-31.8707367902378,-10.688831199781433
-43.189760112228115,-4.359677515671879
-46.40223625681456,-12.401288175370043
-42.033748403658066,-21.977569725181983
-49.12956229082284,-10.219174526940106
-40.47485533555503,-15.116557986182489
-39.31629444630651,-23.040577137162924
-38.468007021716105,-24.014080400425847
-43.199310767970175,-16.355145058106395
-47.60601083173915,-22.884060251495207
-42.63381307016381,-9.817057398416097
-42.82839387869798,-23.26212721173931
-40.546401708446794,-11.388054757817129
-47.33899357359663,-16.569629267332115
-47.447273407950384,-15.118096588494685
-35.670494718257544,-19.21049375715875
-39.00884947459107,-13.997737096217165
-38.81466321019413,-17.423236095075357
-40.3219692627496,-13.555961054627089
-39.72182457253518,-10.798935040990795
-45.85982537853627,-19.598967605826694
-36.55454008173069,-3.4200716024649553
-43.25358993604373,-18.749193811965
-35.714495499469635,-9.207099583297195
-42.64836986934712,-17.63824667432924
-37.18277122369919,-3.8199203973981426
-37.21882565097586,-11.492254994632095
-42.422306182073434,-10.281096721804907
-48.20658042637434,-8.668559795983798
-46.50690762430273,-15.021148557685638
-49.42932814592746,-7.736012632673863
-38.79412847172847,-17.113906911521852
-48.15865643825945,-15.245920240100514
-47.98124955236552,-8.21840342855724
-38.17468613494581,-18.289555812609542
-36.058214123511355,-13.797846661142906
-41.548741218407464,-16.87685130719344
-46.02300095371955,-18.13139679021257
-37.9634764555177,-24.009383312633418
-37.31892772824561,-21.17705066034412
-43.119222446196325,-24.84238090678913
-51.22103225092128,-12.258274092424724
-37.75419149618695,-8.469610303000003
-37.92039970705919,-17.250233669163734
-36.70550768504365,-21.413225793865802
-36.7298405296219,-12.372781876128903
-38.71078352374865,-13.054401890194267
-45.46569063566121,-8.423415943302736
-49.55180342229721,-11.33866268544729
-32.68283781507294,-20.137412842396895
-38.82328359449303,-14.100153045492512
-43.32737469977229,-18.346256746356037
-47.733158631316115,-8.734789949326606
-45.848493331942485,-8.032606777569102
-42.946687997201195,-11.118767172652475
-45.12686182008957,-11.451752552932316
-47.956015609517756,-13.599343676346297
-40.53896152337997,-15.690573314476458
-37.6315438193526,-19.153246826675357
-55.77905242420897,129.36088341786746
-0.2152330180752547,-15.209879984115004
-3.454777154273137,16.850893799838882
-47.530371251035,123.92013528781696
-33.4757422055699,86.26820903675424
-43.56070686067804,91.83316405566298
-39.437728744103794,87.3658503977449
-31.572818557875518,82.7865552839619
-30.332456825327533,94.97698885439817
-36.24788314187566,76.93929138734562
-44.81498345393093,83.92115861601664
24.509134822053202,-48.52409713689144
-46.77604181525818,121.36921588024525
18.44948920418993,-33.61648633772203
-12.488708235537038,38.18222387631195
-28.69091493315778,64.2099563257253
16.30658558038243,-19.310079115288424
15.288530280679966,-19.34905012920652
-16.692392009918283,44.66398877526178
1.6865230331011645,5.086258468603623
28.695304955896688,-43.311468969469395
20.564777459203288,-33.82537341029335
2.7062490241313837,11.046355022430753
-47.64931079035134,126.7800555696903
-14.072471311950178,25.693588877005176
-45.02640104413535,93.34544978416403
-51.54216824346419,136.22911060958333
-6.826759908926363,23.387853809514855
-8.329538385316054,17.356995058883015
-13.282453725345455,17.166078503826515
20.458262286582666,-32.54675924049634
39.94113185032343,-50.191742894869435
-45.35223522564519,96.9720971282556
32.14411129491487,-32.656414504857864
0.9406405800409879,16.65740043906126
11.690061710189855,1.0735983119080892
-24.357404446821306,75.37063015131596
-42.38289474240601,96.25175357372876
19.26145694513549,-21.535100058209633
-53.43990858262632,102.38886867091789
-33.59392521812449,68.45027793141854
-36.4417873476038,73.01700680827193
19.241435668709872,-15.415868830454489
5.176216971012838,4.687861156237112
-24.986764661474265,58.70990809681951
-10.974719070177796,32.27494776961533
31.991539834827627,-44.842610768684615
-34.410088898656035,89.49175596188833
-47.776599928827146,100.16874015472335
27.667440029285007,-29.921224743016985
-46.967303875360564,97.76057716046364
-47.96940292724211,94.39253870613038
-33.98998924427971,70.18614176391081
5.049314268371294,-3.1613583355192745
-18.94396343098788,58.238290729702896
15.021207224970075,-34.82650587539302
21.941558816816812,-42.91674076042545
14.01159412092192,-17.989470078288498
-64.18470099352825,127.6744031477718
-55.17051773545977,115.98307488941497
-10.551768213941692,31.332300213761446
-1.953712246098582,13.305942101829908
-19.07795539477293,38.23159686274114
17.02360775304047,-19.756636797300107
-5.991973117502815,12.937028061959916
20.063989813185227,-24.841566173986713
28.819566701202707,-52.48862471389069
16.454426218371328,-22.49984382311036
10.65871884026718,-10.348198431272781
-8.271197104592373,39.44038569014641
15.084020750185257,-13.060574033376819
-16.242242769406293,45.63923694776916
-23.778747399228322,53.764444385935604
7.494709738320537,-11.6863731310284
-31.721474199279207,63.325192583517946
-54.68455725838325,101.44964536598911
6.693918750947837,-6.314692857981674
-44.826486226159304,98.06847629210559
-51.32906505376514,120.61808361168211
29.400027228538313,-39.382105609958515
-17.75557048723339,53.81941183731848
24.619803417049283,-32.983632661647015
-27.7468828700543,66.19606342107842
-48.40387149659523,130.43808469365234
-59.26474510276458,124.19568225266025
-3.604606609182011,25.201734962669978
8.045178299215381,-6.558361108598514
-52.447505370202805,121.20040114711365
34.15702003171359,-45.90985489759154
27.213404733093988,-30.39699813851094
4.8216413008959735,9.124163353141139
-48.90069473131548,104.75190325057525
7.666462127090383,6.30438119970546
-62.05064827668601,123.66998619531323
30.487520137773977,-36.81101691871822
-10.83877277313961,46.276411546628616
5.877362841056217,2.1450581185655375
-50.87347995848453,126.44079267214143
-30.85665304955565,80.90508228049325
-35.7480560756532,99.40561673248325
-72.37905230742263,98.10365493817994
-79.50333188548966,95.59019477181238
-36.674015004877795,33.956518265883226
-49.04011739483761,59.01444927845783
-52.54432020580035,60.3587005144841
-58.81144439258847,60.23011708706477
-52.993420985995584,27.43027364712156
-53.354186521303525,23.296670411606524
-54.441963920783785,56.74664679227297
-63.65800236962737,64.7378517430153
-44.54243954576217,23.841470489217617
-68.12804883690781,72.56373578305387
-45.763674164630096,23.06570175584494
-50.67009355197386,36.3865840094563
-71.4224014301981,89.65503195973123
-62.09132609732412,80.32416754323044
-70.32464456649738,72.68043362385633
-50.87837240587266,49.98865522894481
-78.53770638254099,88.30609639899994
-57.74976525827874,31.330209687558803
-61.58967560070836,46.18307443488195
-58.70427396427643,47.41570465531681
-51.133183361646665,32.297010936207236
-70.70742627274737,78.95370344955566
-47.88168229239709,27.098765053876544
-55.68259240029152,48.714547803583635
-39.326718720013695,25.24883312834655
-64.44710771183563,51.26008813236237
-71.74967223091733,82.27872677171788
-44.10382724464622,29.716194622808654
-41.62126301839037,10.579430303706784
-41.91886207591098,14.485727065492362
-69.14266641260876,67.99838025497282
-54.76234256550832,48.026968714210525
-72.14684535247268,77.0037347522738
-43.71866160976129,42.014096056490025
-74.81308782182379,90.77777552267112
-79.10253978744697,88.92356869728025
-67.83235550681442,83.20446581044112
-57.68003520061793,71.59005382681326
-42.43447686030019,25.450233756463515
-58.83297629152812,35.30423810914734
-48.21610677404971,34.84431572244662
-43.85128478317297,47.85431361722437
-68.18491237962803,65.51515549324218
-53.28800802743087,26.446191857071668
-39.195851510384045,26.989536011730674
-52.5673975456301,52.25554197676453
-74.163054966968,83.35669261148601
-78.16923294761729,96.48394719198467
-38.13991963121679,15.8751478200726
-49.84455009922504,40.670095506065735
-28.34774261425254,15.712941965714888
-35.690304749651126,28.41684648704969
-65.6220083629888,75.35582593201198
-80.32767162336289,83.67369664978023
-40.169560575294874,26.212711538090122
-43.7298728067263,52.689250786101766
-40.3683011296401,11.15364166230809
-81.55003698067449,93.13894340425504
-45.03335413315987,37.377444336261135
-33.683102429307745,25.51031824700395
-65.33343476336401,80.20756075236456
-34.95834247136229,11.979583301590162
-67.50101857064115,75.07176857168822
-70.27756361729058,99.22518015766842
-61.684229246173345,66.906210351558
-67.81665175436878,89.24575145981653
-69.41508415927737,85.84068193325656
-50.38154282342961,44.997455071487344
-44.05554252852912,21.00183747136368
-40.93964761121907,27.04515411445228
-38.93227653661441,30.853004026244847
-39.501490272860046,14.321997155862793
-55.25981842571812,70.44524401434826
-74.76208157749826,61.55709125193278
-44.006696802532694,13.04805760670836
-49.06702252629691,21.38754874718573
-52.071261858424705,56.293662659516315
-45.07873635623296,23.037238415845973
-52.93581821570522,62.13037712497369
-71.96106457879415,98.56004237491328
-45.332557043708334,27.81525316082581
-61.95463373931373,70.73230013847164
-62.01224627072144,85.65227060558045
-58.62475503506045,39.30241952497462
-69.35073604165343,87.6404395331958
-34.32296540800138,13.732687423101426
-30.961014244505456,18.615920071406315
-57.611053295362574,51.696808072651564
-48.43338513135825,32.62033062755548
-49.61863665327665,44.74939320230642
-74.7309628855015,97.93285803655019
-65.03226105555173,62.266113443532994
-81.36645099272721,91.04739469749082
-70.56995931145535,76.74597030957007
-58.69216835921743,69.07325281079122
-46.07130029156705,27.68062135703901
-50.99305020717055,30.00359719246256
-48.48935169829913,45.85554562392593
-30.279904486654267,-23.913794189953737
-29.950085572253524,-44.870183566204794
-29.599936435312177,-25.642234472827603
-30.636505494131693,-25.48358777086516
-32.63414051529758,-27.79674834779247
-26.029084102800596,-35.796946890087426
-34.78260115502691,-21.15057325331733
-18.665957867737788,-48.33537963599526
-26.04877562755858,-43.04670720724446
-16.979184396211593,-38.729646332705485
-17.208884712503448,-39.82013112810932
-22.599873410352252,-32.97448745081517
-33.12169572178575,-48.38445519450005
-25.54343033396502,-24.318988431221044
-28.614259064745053,-23.870393116118212
-27.835949541933843,-52.399442132503154
-36.63362923579273,-31.372014154997057
-19.716508444480354,-45.150898048330305
-29.919365951882124,-29.594806291731896
-29.552391953226522,-26.79725954292822
-36.715765080181164,-18.033843304213875
-18.763508870737745,-33.84815838884475
-25.548612249121504,-28.107342801336845
-29.55657600781876,-22.254246840313055
-36.469204572827636,-22.564494493043018
-18.819988847549805,-23.858220610602483
-24.712101977825675,-33.274867266118164
-20.01902179754867,-45.38041431675833
-41.54305545538609,-33.62189898641992
-22.792703881973868,-50.931975352956016
-20.739437563819482,-41.47923843896963
-20.37021031467276,-33.23470381369118
-23.696779029569576,-32.70195028850217
-36.91318776963472,-21.390164082262793
-32.69339728713051,-27.617362627510754
-31.768205498812137,-27.68360760478431
-29.67515668131686,-25.121179714268347
-29.1430435318802,-35.74684091484366
-24.727253213670767,-29.598121782594564
-21.122409652731548,-52.648053401298995
-19.98743909230999,-48.79327429038024
-34.061777216264204,-26.135846034845606
-27.966065271415733,-35.1863780749155
-32.233094687669606,-14.626093768607488
-38.70340479622261,-27.378972806096098
-21.948465198642264,-38.62404330022215
-37.573853803442304,-28.233830503787146
-24.444817817025697,-35.9467177293993
-31.8874386785536,-37.27682913532058
-29.06003575457109,-31.65696840288526
-34.07694737364708,-40.27280799600687
-28.70673575506842,-29.716443092781393
-24.321890933553515,-44.37413407337602
-20.2749384644378,-52.026101526378284
-19.185097498003945,-46.31693847947809
-26.407326265512907,-22.713539046165454
-26.742004611986587,-29.976016694915582
-36.029637507737185,-18.300541037790282
-18.31324076927146,-45.784433627451136
-32.725425118509605,-20.9740039915154
-26.213044552993964,-30.295724274097896
-20.631894462777453,-48.73898093763111
-32.41422904077039,-25.20029047008169
-13.958610230672308,-44.578431777455776
-22.44246565201598,-54.32385576182037
-29.399424126658232,-20.671320159060258
-17.52186002147623,-40.89144172031272
-26.333792545354147,-38.53352307853633
-22.843871064007526,-53.31892177670514
-18.232807319235043,-47.16466314565506
-18.91929126147743,-50.73733475052294
-20.38153143475481,-40.858398360799754
-30.32211444689184,-27.633094719111863
-36.41682567496643,-18.201044380777436
-35.31147222031923,-26.83340102942043
-22.16790394043374,-41.80994196378803
-24.02741158724705,-37.680387529147694
-20.66210078704441,-39.494169519095095
-43.06811009716221,-20.34780290008592
-15.344535639670049,-50.14611227142632
-24.47656340280138,-23.046758079009937
-24.544455732825682,-33.998151180949385
-28.450811490366505,-17.198391227924027
-26.112880812367063,-29.378868332297184
-27.0427259011977,-21.27313513809163
-32.00256279428851,-38.78445826803488
-19.036123829850453,-45.42821474548343
-18.870489365675763,-43.13127880153109
-29.530284261280077,-38.936970363850904
-25.18849717852091,-43.63825306908399
-24.58944079597466,-40.90272803598759
-29.555242072106463,-22.08260456409155
-25.753909169600178,-46.57771405539774
-34.3273809708163,-25.304705979078616
-24.591378460469905,-33.576867035364934
-26.61441013448021,-40.96792165474317
-24.648748948670377,-22.550284523813392
-22.316533700194093,-51.5737453298815
-21.31945853956531,-37.3083065975198
-17.64289092484815,-46.76836872760128
-38.92887724004614,36.88132687469041
-41.338858799497075,45.08876418253425
-51.18863390907966,80.05282927059342
-50.99845707977225,58.158679745596636
-58.40428837006049,70.62747457509606
-64.8855829946847,67.80086503035133
-49.64868684920302,68.61951741131912
-43.11992345827895,53.8867308279093
-40.31833144633926,68.83109802466757
-45.35964817163207,52.95770807187197
-31.002706962662664,39.00759370468327
-47.760477465543914,74.44948079243132
-62.78705664845286,78.62583845002767
-28.206796773119063,40.9311376549983
-56.24791440144358,75.83992217383005
-47.113775548488846,45.91030661057522
-40.91950922882749,48.94233854214902
-59.075750037933055,72.21936156073123
-46.292124023528146,53.36521080055915
-50.662910229089206,62.939778510531106
-36.422261974537854,40.14851593636171
-45.16549619141519,58.67345269218056
-43.811166947286026,58.11742561915438
-35.08808719773797,38.516485990833694
-42.770358201511186,71.36969968654996
-51.642209465554416,81.09278260377816
-45.1673144426772,59.17465158075227
-39.90099986976139,55.2918891211576
-47.90662813897901,67.01578778424103
-47.830807200891485,64.21979101502991
-48.31261736251925,69.43759672650408
-41.37553032640037,34.50538345006806
-33.73095493389459,49.91258598983683
-53.63853559719668,81.60534083592252
-47.26247612706294,67.65704035056588
-35.02357932431548,47.556767909166624
-39.11664669040369,54.34771105180877
-53.38837335901343,80.10276388273547
-40.072280618104294,51.115232547404446
-34.13314945391471,41.32754387987999
-46.75874453027219,58.04211510094598
-54.38961759518894,79.32768606729657
-51.11609901189815,80.79707694709025
-36.61726669655226,53.929125017168005
-53.83304071679493,61.20398247239713
-47.76338355305948,48.45992468208007
-31.001911500180487,38.00589814352964
-37.30427937525583,49.19501043345625
-53.51069925722601,68.27879915642608
-46.038540794196194,61.62539284118672
-35.02149572028822,56.028759092608816
-35.777089334556806,42.123135418833755
-56.94789408796181,74.0576765845284
-37.40166055680588,48.909602844673195
-49.26782557412211,65.9500907973163
-36.170621413145525,38.749585086542076
-47.1935648210975,65.1153616381524
-55.11710818728186,71.43421360442166
-41.969511103218444,63.590199650441946
-35.36225516173412,46.63733481473967
-49.76354813595627,70.67992144503414
-44.84411099367416,54.27884630748897
-60.83696478653904,67.70796649202327
-37.4643439490127,39.170876655756814
-42.91956097633326,52.2058290355107
-60.41723785203842,71.95245380632616
-38.96889874093376,40.075570061877976
-46.87497999122417,68.92908507212329
-44.44562503597696,77.75093659106099
-55.93814446807093,56.4021440914011
-58.139599515904365,74.90288151509506
-38.154324503411104,43.34071197670964
-36.134689533325506,43.34052686186903
-46.144830365304344,60.15432126139009
-35.992223320020685,41.07845399239112
-31.66623321154362,41.86089124072497
-47.268239853295505,53.22856094425377
-50.957484313764276,58.19957595808107
-42.97274943121338,61.44695544024554
-45.66341399363781,67.38523861371978
-34.38320909341175,46.667407073777305
-38.19634399922279,57.54611900047417
-56.42997649597245,73.98860255587
-41.92104507306662,57.38851020552779
-47.35940256870534,39.8230786011734
-55.025065625951605,72.0499415020431
-40.29154396401673,37.28527361922196
-55.95216573338621,79.91918248475183
-51.40666758418427,70.20286089707989
-42.24781407028659,65.81997873323797
-44.4310735239652,56.96071602649442
-47.94150898225903,78.4374746534064
-47.871792408259594,69.43294941490872
-54.897308690046074,75.04367632634275
-40.44874955832481,35.42290101130021
-47.22718219872457,62.15871527620595
-36.75601652559435,41.90215527539899
-60.50484184720967,70.17185379905249
-56.0188911932955,72.73609276576819
-41.486032086614586,43.85611120470985
-77.74124794522035,61.196228002282396
-59.82412571050656,18.678121325321445
-37.662671774131745,19.16352329314806
-55.99887172171168,23.629717084865646
-42.210625264594015,3.3302217339232487
-58.98087054913903,13.518658905213774
-63.84685556950891,38.47179404868959
-42.00118761189447,10.537881328334382
-48.96582975118622,0.30712873067100877
-61.244971836755006,48.77744467166699
-45.73658313318014,19.618067381435452
-71.06190843324626,60.848183882636654
-69.5600564424141,36.9266033991795
-43.158896690354226,14.510254048616574
-49.34873379681606,27.80166889779436
-41.9456280641923,15.52777012392191
-63.47707325438769,35.232741558708796
-73.54091883771692,46.09577241873497
-76.98642316525999,65.62554235814154
-44.58345046410989,3.054465771970059
-78.34146756606587,66.05871700355317
-74.08738975189743,61.15174990843164
-82.71848486351524,65.2965067843637
-55.687792090628086,25.46948925030482
-50.70243312635151,23.87983607202674
-70.86331473367407,52.742483470927354
-74.29471763550607,63.14782509509649
-68.66655636141516,39.89260344953177
-74.80479738343482,63.49688115431064
-28.768453380406697,1.9788486117366713
-78.33510347909515,67.58613200575746
-44.458352218325835,-0.19478336650099518
-44.5132145419191,5.219005093725433
-37.826655651512766,2.0992825284788452
-65.46481206437306,66.99319722028423
-31.48474032811379,1.9842349644275028
-61.20924921210582,42.6708538274802
-35.37379269835316,-1.4034809684686216
-38.30128558299048,5.203425437015326
-69.8798548020211,50.05802198240348
-47.62338929728049,2.7152313365827254
-53.21258752246882,24.9095938375056
-71.84143737432711,53.33532460493463
-53.33965667008889,32.45809186146334
-75.47072831856396,64.71025824848114
-81.37391985776983,59.6630816004427
-75.84990878966697,71.46520058372752
-51.61916883552749,16.630425953962863
-40.001030287379116,14.162893460193136
-50.08835666673282,34.60953182366601
-52.26935974817131,16.281565610865854
-83.95335097772683,65.27033648081945
-47.723926715237944,8.7050039059422
-50.23752136099365,8.183431763294854
-78.25274399155111,63.71660374073838
-58.080432596166816,55.858101323299636
-61.948781231404006,36.608937940382646
-43.731412192365056,3.0490614545152135
-60.59169584924029,44.73868209065993
-71.61327513126199,55.36745232853743
-69.03699004053445,49.3974777344179
-49.54022653606199,30.94171466544306
-36.294486428178885,5.419824225578534
-51.47030514471152,34.36318232249456
-57.65534009903657,48.74707280572533
-75.43581649089386,55.61601174544589
-53.44677080169466,42.80569742750265
-61.81248175185612,50.68311960519217
-51.77211112151486,26.781464717520922
-78.64575656969986,63.49574707865884
-83.10634875794993,62.43020810048464
-43.14509594245494,-4.44292704156903
-60.659321824634866,36.859761959134076
-64.76937205831877,38.52781093588895
-41.04659927728685,11.539944657463327
-64.76613517850893,69.3723138007614
-38.66422739946223,18.277315337256677
-57.74705772676516,40.87026946760897
-65.79193553769743,46.84537625235519
-82.11774689738787,64.34994702141934
-47.952697623127584,12.113937465272851
-60.403160303484604,34.54698441965032
-40.64278315094656,7.7447045008642865
-51.1947363017473,14.366159212358907
-51.36861770546551,21.511911349347002
-60.882143785719926,32.05596132243494
-50.20664751904716,23.90830218200505
-47.231235406077566,22.909129358762232
-55.363869843612264,30.118815476494895
-75.76934343473388,57.18555302715762
-46.279594080411044,21.429684381450798
-67.52824167272738,56.878034981048586
-72.24316792821152,61.525850227968284
-65.14080875887755,59.38750352023014
-61.422555262176964,41.02491096273308
-64.05616120624286,54.01895492937992
-52.81763256713631,3.1706335186347805
-65.98583392256407,48.81977769308143
-42.988636561197765,7.977885270326872
-55.796938327152986,16.736790530211135
